-- MySQL dump 10.13  Distrib 5.6.24, for Win64 (x86_64)
--
-- Host: localhost    Database: surveytool
-- ------------------------------------------------------
-- Server version	5.7.8-rc-log

/*!40101 SET @OLD_CHARACTER_SET_CLIENT=@@CHARACTER_SET_CLIENT */;
/*!40101 SET @OLD_CHARACTER_SET_RESULTS=@@CHARACTER_SET_RESULTS */;
/*!40101 SET @OLD_COLLATION_CONNECTION=@@COLLATION_CONNECTION */;
/*!40101 SET NAMES utf8 */;
/*!40103 SET @OLD_TIME_ZONE=@@TIME_ZONE */;
/*!40103 SET TIME_ZONE='+00:00' */;
/*!40014 SET @OLD_UNIQUE_CHECKS=@@UNIQUE_CHECKS, UNIQUE_CHECKS=0 */;
/*!40014 SET @OLD_FOREIGN_KEY_CHECKS=@@FOREIGN_KEY_CHECKS, FOREIGN_KEY_CHECKS=0 */;
/*!40101 SET @OLD_SQL_MODE=@@SQL_MODE, SQL_MODE='NO_AUTO_VALUE_ON_ZERO' */;
/*!40111 SET @OLD_SQL_NOTES=@@SQL_NOTES, SQL_NOTES=0 */;

--
-- Table structure for table `anonimouspages`
--

DROP TABLE IF EXISTS `anonimouspages`;
/*!40101 SET @saved_cs_client     = @@character_set_client */;
/*!40101 SET character_set_client = utf8 */;
CREATE TABLE `anonimouspages` (
  `idAnonimousUser` int(11) NOT NULL,
  `idPage` int(11) NOT NULL,
  `timestamp` timestamp NOT NULL DEFAULT CURRENT_TIMESTAMP ON UPDATE CURRENT_TIMESTAMP,
  PRIMARY KEY (`idAnonimousUser`,`idPage`,`timestamp`),
  KEY `page_idx` (`idPage`),
  CONSTRAINT `page` FOREIGN KEY (`idPage`) REFERENCES `page` (`idPage`) ON DELETE CASCADE ON UPDATE CASCADE,
  CONSTRAINT `user` FOREIGN KEY (`idAnonimousUser`) REFERENCES `anonimoususer` (`idAnonimousUser`) ON DELETE CASCADE ON UPDATE CASCADE
) ENGINE=InnoDB DEFAULT CHARSET=utf8;
/*!40101 SET character_set_client = @saved_cs_client */;

--
-- Dumping data for table `anonimouspages`
--

LOCK TABLES `anonimouspages` WRITE;
/*!40000 ALTER TABLE `anonimouspages` DISABLE KEYS */;
INSERT INTO `anonimouspages` VALUES (12,9,'2016-10-05 14:26:52'),(12,9,'2016-10-05 14:45:18'),(12,9,'2016-10-05 15:05:10'),(12,9,'2016-10-05 15:10:46'),(12,9,'2016-10-05 15:30:00'),(12,9,'2016-10-05 15:47:06'),(14,9,'2016-10-05 17:15:21'),(15,9,'2016-10-05 17:16:44'),(16,9,'2016-10-06 10:10:55'),(16,9,'2016-10-06 10:11:07'),(17,9,'2016-10-06 14:52:26'),(19,9,'2016-10-06 18:15:49'),(20,9,'2016-10-07 09:24:17'),(20,9,'2016-10-07 09:30:23'),(20,9,'2016-10-07 09:53:07'),(39,9,'2016-10-17 10:13:05'),(43,9,'2016-10-17 14:50:11'),(43,9,'2016-10-17 14:53:39'),(55,9,'2016-10-20 07:58:04'),(61,9,'2016-11-10 10:20:10'),(63,9,'2016-11-30 15:00:52'),(63,9,'2016-11-30 15:01:49'),(63,9,'2016-11-30 15:07:33'),(63,9,'2016-12-05 14:09:09'),(63,9,'2016-12-05 14:09:23'),(63,9,'2016-12-05 14:09:29'),(63,9,'2016-12-05 14:09:33'),(71,9,'2016-12-05 15:47:57'),(71,9,'2016-12-05 15:55:57'),(71,9,'2016-12-05 15:56:02'),(71,9,'2016-12-05 15:56:06'),(71,9,'2016-12-05 15:56:56'),(71,9,'2016-12-05 15:57:10'),(71,9,'2016-12-05 15:57:20'),(71,9,'2016-12-05 15:57:32'),(71,9,'2016-12-05 16:10:58'),(71,9,'2016-12-05 16:13:00'),(71,9,'2016-12-05 16:13:32'),(71,9,'2016-12-05 16:15:28'),(71,9,'2016-12-19 11:37:00'),(71,9,'2016-12-19 12:15:06'),(71,9,'2016-12-19 12:49:35'),(71,9,'2016-12-19 12:49:47'),(71,9,'2016-12-19 12:51:32'),(71,9,'2016-12-19 12:51:38'),(71,9,'2016-12-19 12:52:07'),(71,9,'2016-12-19 12:55:15'),(71,9,'2016-12-19 12:55:59'),(71,9,'2016-12-19 12:56:16'),(71,9,'2016-12-19 12:56:31'),(71,9,'2016-12-19 12:58:44'),(71,9,'2016-12-19 12:59:23'),(71,9,'2016-12-19 13:08:04'),(71,9,'2016-12-19 13:09:42'),(71,9,'2016-12-19 13:10:27'),(71,9,'2016-12-19 13:12:42'),(71,9,'2016-12-19 13:18:47'),(71,9,'2016-12-19 13:18:59'),(71,9,'2016-12-19 13:19:17'),(71,9,'2016-12-19 13:19:53'),(71,9,'2016-12-19 13:20:15'),(71,9,'2016-12-19 14:34:38'),(71,9,'2016-12-19 14:35:21'),(71,9,'2016-12-19 14:35:26'),(71,9,'2016-12-19 14:36:17'),(71,9,'2016-12-19 14:39:26'),(71,9,'2016-12-19 14:41:13'),(71,9,'2016-12-19 14:48:25'),(71,9,'2016-12-19 14:48:52'),(71,9,'2016-12-19 15:32:44'),(71,9,'2016-12-19 15:33:59'),(71,9,'2016-12-19 15:34:57'),(71,9,'2016-12-19 15:38:19'),(71,9,'2016-12-19 15:38:46'),(71,9,'2016-12-19 15:50:02'),(71,9,'2016-12-19 15:50:24'),(71,9,'2016-12-19 15:51:26'),(71,9,'2016-12-19 15:52:07'),(71,9,'2016-12-19 15:57:20'),(71,9,'2016-12-19 15:58:24'),(71,9,'2016-12-19 15:59:10'),(71,9,'2016-12-19 16:00:22'),(71,9,'2016-12-19 16:01:51'),(71,9,'2016-12-19 16:05:21'),(71,9,'2016-12-19 16:12:56'),(71,9,'2016-12-19 16:15:42'),(71,9,'2016-12-19 16:23:38'),(71,9,'2016-12-19 16:27:46'),(71,9,'2016-12-19 16:29:58'),(71,9,'2016-12-19 16:31:54'),(71,9,'2016-12-19 16:35:03'),(71,9,'2016-12-19 16:41:33'),(71,9,'2016-12-19 16:46:33'),(71,9,'2016-12-19 16:48:05'),(71,9,'2016-12-19 16:51:51'),(71,9,'2016-12-19 16:52:50'),(71,9,'2016-12-19 16:52:56'),(71,9,'2016-12-19 16:55:25'),(71,9,'2016-12-19 16:58:58'),(71,9,'2016-12-19 16:59:32'),(71,9,'2016-12-19 17:05:59'),(71,9,'2016-12-19 17:06:20'),(71,9,'2016-12-19 17:07:42'),(71,9,'2016-12-19 17:08:18'),(71,9,'2016-12-19 17:13:40'),(71,9,'2016-12-19 17:17:08'),(71,9,'2016-12-19 17:17:36'),(71,9,'2016-12-19 17:24:16'),(71,9,'2016-12-19 17:25:16'),(71,9,'2016-12-19 17:27:00'),(71,9,'2016-12-19 17:28:40'),(71,9,'2016-12-19 17:31:18'),(71,9,'2016-12-19 17:36:14'),(71,9,'2016-12-19 17:37:22'),(71,9,'2016-12-19 17:38:53'),(71,9,'2016-12-20 09:13:22'),(71,9,'2016-12-20 10:54:53'),(71,9,'2016-12-20 12:35:09'),(71,9,'2016-12-28 11:38:30'),(71,9,'2016-12-28 11:55:21'),(71,9,'2016-12-28 12:00:36'),(71,9,'2016-12-28 12:01:00'),(71,9,'2016-12-28 12:01:45'),(71,9,'2016-12-28 13:09:06'),(71,9,'2016-12-28 13:12:22'),(71,9,'2016-12-28 13:13:29'),(71,9,'2016-12-28 13:14:00'),(71,9,'2016-12-28 13:19:24'),(71,9,'2016-12-28 13:22:58'),(71,9,'2016-12-28 13:23:04'),(71,9,'2016-12-28 13:23:42'),(71,9,'2016-12-28 13:24:12'),(71,9,'2016-12-28 13:25:03'),(71,9,'2016-12-28 13:28:48'),(71,9,'2016-12-28 13:28:55'),(71,9,'2016-12-28 13:30:29'),(71,9,'2016-12-28 13:30:58'),(71,9,'2016-12-28 13:31:48'),(71,9,'2017-01-11 17:01:33'),(71,9,'2017-01-11 17:33:36'),(71,9,'2017-01-11 17:34:16'),(71,9,'2017-01-11 17:34:49'),(71,9,'2017-01-12 10:12:42'),(71,9,'2017-01-12 10:55:35'),(71,9,'2017-01-12 10:58:17'),(71,9,'2017-01-12 11:36:54'),(71,9,'2017-01-12 11:39:46'),(71,9,'2017-01-12 12:39:35'),(71,9,'2017-01-12 16:37:35'),(71,9,'2017-01-12 16:44:40'),(71,9,'2017-01-12 16:50:19'),(71,9,'2017-01-12 16:56:56'),(71,9,'2017-01-12 17:01:36'),(71,9,'2017-01-12 17:01:47'),(71,9,'2017-01-12 17:04:19'),(71,9,'2017-01-12 17:24:44'),(71,9,'2017-01-12 17:24:54'),(71,9,'2017-01-12 17:25:09'),(71,9,'2017-01-12 17:25:38'),(71,9,'2017-01-12 17:25:48'),(71,9,'2017-01-12 17:26:02'),(71,9,'2017-01-12 17:26:23'),(71,9,'2017-01-12 17:27:22'),(71,9,'2017-01-12 17:27:30'),(71,9,'2017-01-12 17:27:55'),(71,9,'2017-01-12 17:28:12'),(71,9,'2017-01-12 17:29:06'),(71,9,'2017-01-12 17:29:10'),(71,9,'2017-01-12 17:29:21'),(71,9,'2017-01-12 17:34:56'),(71,9,'2017-01-12 17:43:06'),(71,9,'2017-01-12 17:46:44'),(71,9,'2017-01-12 17:46:47'),(71,9,'2017-01-12 17:47:15'),(71,9,'2017-01-12 17:47:39'),(71,9,'2017-01-12 17:48:19'),(71,9,'2017-01-12 17:48:36'),(71,9,'2017-01-12 17:48:42'),(71,9,'2017-01-12 17:49:37'),(71,9,'2017-01-12 17:49:46'),(71,9,'2017-01-12 17:50:06'),(71,9,'2017-01-12 17:51:57'),(71,9,'2017-01-12 17:52:34'),(71,9,'2017-01-12 17:52:44'),(71,9,'2017-01-12 17:53:16'),(71,9,'2017-01-12 17:53:57'),(71,9,'2017-01-12 17:54:06'),(71,9,'2017-01-12 17:54:18'),(71,9,'2017-01-12 17:55:10'),(71,9,'2017-01-12 17:55:13'),(71,9,'2017-01-12 18:01:19'),(71,9,'2017-01-12 18:01:32'),(71,9,'2017-01-12 18:01:56'),(71,9,'2017-01-12 18:03:36'),(71,9,'2017-01-12 18:07:01'),(71,9,'2017-01-12 18:07:33'),(71,9,'2017-01-12 18:08:31'),(71,9,'2017-01-12 18:08:59'),(71,9,'2017-01-12 18:09:11'),(71,9,'2017-01-12 18:09:29'),(71,9,'2017-01-12 18:11:45'),(71,9,'2017-01-12 18:12:16'),(71,9,'2017-01-12 18:13:45'),(71,9,'2017-01-12 18:14:46'),(71,9,'2017-01-12 18:19:20'),(71,9,'2017-01-12 18:19:46'),(71,9,'2017-01-13 08:02:42'),(71,9,'2017-01-13 09:01:44'),(71,9,'2017-01-13 09:03:08'),(71,9,'2017-01-13 09:03:57'),(71,9,'2017-01-13 09:07:46'),(71,9,'2017-01-13 09:09:54'),(71,9,'2017-01-13 09:10:08'),(71,9,'2017-01-13 09:10:44'),(71,9,'2017-01-13 09:11:29'),(71,9,'2017-01-13 09:11:44'),(71,9,'2017-01-13 10:22:25'),(71,9,'2017-01-13 10:22:45'),(71,9,'2017-01-13 10:23:47'),(71,9,'2017-01-13 10:28:32'),(71,9,'2017-01-13 10:30:00'),(71,9,'2017-01-13 10:30:17'),(71,9,'2017-01-13 10:32:26'),(71,9,'2017-01-13 10:32:57'),(71,9,'2017-01-13 10:34:43'),(71,9,'2017-01-13 10:35:26'),(71,9,'2017-01-13 10:36:07'),(71,9,'2017-01-13 10:37:45'),(71,9,'2017-01-13 10:38:54'),(71,9,'2017-01-13 10:57:19'),(71,9,'2017-01-13 10:58:00'),(71,9,'2017-01-13 10:58:52'),(71,9,'2017-01-13 11:02:59'),(71,9,'2017-01-13 11:04:34'),(71,9,'2017-01-13 11:06:10'),(71,9,'2017-01-13 11:07:22'),(71,9,'2017-01-13 11:11:45'),(71,9,'2017-01-13 11:12:02'),(71,9,'2017-01-13 11:13:54'),(71,9,'2017-01-13 11:16:56'),(71,9,'2017-01-13 11:17:26'),(71,9,'2017-01-13 11:17:35'),(71,9,'2017-01-13 11:19:33'),(71,9,'2017-01-13 11:19:58'),(71,9,'2017-01-13 11:20:46'),(71,9,'2017-01-13 11:21:25'),(71,9,'2017-01-13 11:21:32'),(71,9,'2017-01-13 11:22:24'),(71,9,'2017-01-13 11:30:14'),(71,9,'2017-01-13 11:30:51'),(71,9,'2017-01-13 11:31:05'),(71,9,'2017-01-13 11:31:12'),(71,9,'2017-01-13 11:31:41'),(71,9,'2017-01-13 11:32:29'),(71,9,'2017-01-13 11:32:47'),(71,9,'2017-01-13 11:33:09'),(71,9,'2017-01-13 11:33:42'),(71,9,'2017-01-13 11:33:57'),(71,9,'2017-01-13 11:34:15'),(71,9,'2017-01-13 11:34:42'),(71,9,'2017-01-13 11:35:19'),(71,9,'2017-01-13 11:36:00'),(71,9,'2017-01-13 11:38:21'),(71,9,'2017-01-13 12:25:17'),(71,9,'2017-01-13 12:25:39'),(71,9,'2017-01-13 12:27:49'),(71,9,'2017-01-13 12:29:01'),(71,9,'2017-01-13 12:29:27'),(71,9,'2017-01-13 12:33:07'),(71,9,'2017-01-13 12:33:22'),(71,9,'2017-01-13 12:33:41'),(71,9,'2017-01-13 12:35:07'),(71,9,'2017-01-13 12:35:34'),(71,9,'2017-01-13 12:36:03'),(71,9,'2017-01-13 12:36:21'),(71,9,'2017-01-13 12:37:28'),(71,9,'2017-01-13 12:53:42'),(71,9,'2017-01-13 12:53:58'),(71,9,'2017-01-13 12:54:06'),(71,9,'2017-01-13 13:11:21'),(71,9,'2017-01-13 13:11:36'),(71,9,'2017-01-13 13:14:48'),(71,9,'2017-01-13 13:20:21'),(71,9,'2017-01-13 13:23:13'),(71,9,'2017-01-13 13:23:45'),(71,9,'2017-01-13 13:48:33'),(71,9,'2017-01-13 13:49:36'),(71,9,'2017-01-13 13:50:10'),(71,9,'2017-01-13 13:52:17'),(71,9,'2017-01-13 13:52:31'),(71,9,'2017-01-13 13:53:20'),(71,9,'2017-01-13 13:58:53'),(71,9,'2017-01-13 14:08:23'),(71,9,'2017-01-16 10:14:24'),(71,9,'2017-01-16 10:17:19'),(71,9,'2017-01-16 10:22:00'),(71,9,'2017-01-16 10:23:13'),(71,9,'2017-01-16 10:39:29'),(71,9,'2017-01-16 10:40:00'),(71,9,'2017-01-16 10:40:22'),(71,9,'2017-01-16 10:41:08'),(71,9,'2017-01-16 10:42:38'),(71,9,'2017-01-16 10:52:45'),(71,9,'2017-01-16 10:53:23'),(71,9,'2017-01-16 10:56:28'),(71,9,'2017-01-16 10:57:03'),(71,9,'2017-01-16 10:57:26'),(71,9,'2017-01-16 10:57:37'),(71,9,'2017-01-23 16:46:33'),(71,9,'2017-01-23 16:47:14'),(71,9,'2017-01-23 16:48:00'),(71,9,'2017-01-23 16:49:58'),(71,9,'2017-01-23 16:50:48'),(71,9,'2017-01-23 16:55:50'),(71,9,'2017-01-23 16:58:56'),(71,9,'2017-01-23 17:01:34'),(71,9,'2017-01-23 17:37:12'),(71,9,'2017-01-23 17:38:13'),(71,9,'2017-01-23 17:38:34'),(71,9,'2017-01-23 17:39:20'),(71,9,'2017-01-23 17:39:47'),(71,9,'2017-01-23 17:39:55'),(71,9,'2017-01-23 17:41:26'),(71,9,'2017-01-23 17:41:34'),(71,9,'2017-01-23 17:41:45'),(71,9,'2017-01-23 17:42:14'),(71,9,'2017-01-23 17:44:01'),(71,9,'2017-01-23 17:45:39'),(71,9,'2017-01-23 17:50:34'),(71,9,'2017-01-23 17:51:09'),(71,9,'2017-01-23 17:53:27'),(71,9,'2017-01-23 17:53:57'),(71,9,'2017-01-23 17:54:08'),(71,9,'2017-01-23 17:54:39'),(71,9,'2017-01-23 17:56:38'),(71,9,'2017-01-23 17:57:11'),(71,9,'2017-01-23 17:57:47'),(71,9,'2017-01-23 17:57:58'),(71,9,'2017-01-23 17:59:22'),(71,9,'2017-01-23 18:03:37'),(71,9,'2017-01-23 18:04:50'),(71,9,'2017-01-23 18:09:58'),(71,9,'2017-01-24 08:57:42'),(71,9,'2017-01-24 08:58:52'),(71,9,'2017-01-24 09:01:44'),(71,9,'2017-01-24 09:02:42'),(71,9,'2017-01-24 09:03:02'),(71,9,'2017-01-24 09:05:11'),(71,9,'2017-01-24 09:05:27'),(71,9,'2017-01-24 09:07:15'),(71,9,'2017-01-24 09:07:24'),(71,9,'2017-01-24 09:11:16'),(71,9,'2017-01-24 09:11:47'),(71,9,'2017-01-24 09:14:16'),(71,9,'2017-01-24 09:51:21'),(71,9,'2017-01-27 10:21:42'),(71,9,'2017-01-27 10:56:15'),(71,9,'2017-01-27 10:58:48'),(71,9,'2017-01-27 11:39:40'),(71,9,'2017-01-27 11:40:51'),(71,9,'2017-01-27 11:47:06'),(71,9,'2017-02-13 12:27:21'),(71,9,'2017-02-15 17:15:01'),(71,9,'2017-02-15 17:19:33'),(71,9,'2017-02-15 17:22:53'),(71,9,'2017-02-15 17:23:27'),(71,9,'2017-02-15 17:26:12'),(71,9,'2017-02-15 17:26:44'),(71,9,'2017-02-15 17:29:16'),(71,9,'2017-02-15 17:30:07'),(71,9,'2017-02-15 17:32:45'),(71,9,'2017-02-15 17:33:29'),(71,9,'2017-02-15 17:34:35'),(71,9,'2017-02-15 17:35:20'),(71,9,'2017-02-15 17:37:21'),(71,9,'2017-02-15 17:39:57'),(71,9,'2017-02-15 17:40:42'),(71,9,'2017-02-15 17:43:24'),(71,9,'2017-02-27 11:13:21'),(71,9,'2017-03-08 12:44:30'),(71,9,'2017-03-08 12:48:08'),(71,9,'2017-03-08 12:50:56'),(71,9,'2017-03-08 12:51:47'),(71,9,'2017-03-08 12:52:32'),(71,9,'2017-03-08 12:53:37'),(71,9,'2017-03-08 12:54:33'),(71,9,'2017-03-08 12:54:46'),(71,9,'2017-03-08 12:55:28'),(71,9,'2017-03-08 12:56:14'),(71,9,'2017-03-08 12:56:26'),(71,9,'2017-03-08 12:56:48'),(71,9,'2017-03-08 12:58:04'),(71,9,'2017-03-08 13:02:23'),(71,9,'2017-03-08 13:03:03'),(71,9,'2017-03-08 14:14:15'),(71,9,'2017-03-08 14:14:59'),(71,9,'2017-03-08 14:15:30'),(71,9,'2017-03-08 14:16:12'),(71,9,'2017-03-08 14:17:49'),(71,9,'2017-03-08 14:19:31'),(71,9,'2017-03-08 14:19:55'),(71,9,'2017-03-08 14:26:59'),(71,9,'2017-03-08 14:28:25'),(71,9,'2017-03-08 14:29:39'),(71,9,'2017-03-08 15:00:41'),(71,9,'2017-03-08 15:04:00'),(71,9,'2017-03-08 15:04:40'),(71,9,'2017-03-08 15:12:12'),(71,9,'2017-03-08 15:14:40'),(71,9,'2017-03-08 15:14:50'),(71,9,'2017-03-08 15:15:24'),(71,9,'2017-03-08 15:15:59'),(71,9,'2017-03-08 15:16:37'),(71,9,'2017-03-08 15:16:55'),(71,9,'2017-03-08 15:21:16'),(71,9,'2017-03-08 15:21:46'),(71,9,'2017-03-08 15:22:17'),(71,9,'2017-03-08 15:22:54'),(71,9,'2017-03-08 15:27:42'),(71,9,'2017-03-08 15:31:57'),(71,9,'2017-03-08 15:44:55'),(71,9,'2017-03-08 15:45:48'),(71,9,'2017-03-08 15:47:57'),(71,9,'2017-03-08 15:50:18'),(71,9,'2017-03-08 15:58:17'),(71,9,'2017-03-08 16:05:33'),(71,9,'2017-03-08 16:06:33'),(71,9,'2017-03-08 16:06:52'),(71,9,'2017-03-08 16:14:20'),(71,9,'2017-03-08 16:14:57'),(71,9,'2017-03-08 16:15:43'),(71,9,'2017-03-08 16:16:04'),(71,9,'2017-03-08 16:16:28'),(71,9,'2017-03-08 16:17:17'),(71,9,'2017-03-08 16:21:11'),(71,9,'2017-03-08 16:23:04'),(71,9,'2017-03-08 16:26:36'),(71,9,'2017-03-08 16:27:16'),(71,9,'2017-03-08 16:29:15'),(71,9,'2017-03-08 16:30:38'),(71,9,'2017-03-08 16:34:36'),(71,9,'2017-03-08 16:52:47'),(71,9,'2017-03-08 16:56:16'),(71,9,'2017-03-08 16:59:03'),(71,9,'2017-03-08 17:01:42'),(71,9,'2017-03-08 17:02:52'),(71,9,'2017-03-08 17:03:39'),(71,9,'2017-03-08 17:14:19'),(71,9,'2017-03-08 17:14:37'),(71,9,'2017-03-08 17:15:24'),(71,9,'2017-03-08 17:16:23'),(71,9,'2017-03-08 17:17:01'),(71,9,'2017-03-08 17:17:31'),(71,9,'2017-03-08 17:18:19'),(71,9,'2017-03-08 17:20:31'),(71,9,'2017-03-08 17:21:16'),(71,9,'2017-03-08 17:39:39'),(71,9,'2017-03-08 17:41:47'),(71,9,'2017-03-08 17:42:13'),(71,9,'2017-03-08 17:43:24'),(71,9,'2017-03-08 17:44:28'),(71,9,'2017-03-08 17:45:47'),(71,9,'2017-03-08 17:46:40'),(71,9,'2017-03-08 17:47:09'),(71,9,'2017-03-08 17:48:24'),(71,9,'2017-03-08 17:48:42'),(71,9,'2017-03-08 17:50:35'),(71,9,'2017-03-08 17:51:01'),(71,9,'2017-03-08 17:51:53'),(71,9,'2017-03-08 18:41:23'),(71,9,'2017-03-08 18:43:28'),(71,9,'2017-03-08 18:44:22'),(71,9,'2017-03-08 18:48:14'),(71,9,'2017-03-08 18:56:49'),(71,9,'2017-03-09 08:34:39'),(71,9,'2017-03-09 08:35:34'),(71,9,'2017-03-09 08:56:13'),(71,9,'2017-03-09 08:57:03'),(71,9,'2017-03-09 08:57:47'),(71,9,'2017-03-09 09:00:55'),(71,9,'2017-03-09 09:04:07'),(71,9,'2017-03-09 09:04:39'),(71,9,'2017-03-09 10:04:14'),(71,9,'2017-03-09 10:10:44'),(71,9,'2017-03-09 10:11:33'),(71,9,'2017-03-09 10:11:55'),(71,9,'2017-03-09 10:12:50'),(71,9,'2017-03-09 10:13:45'),(71,9,'2017-03-09 10:15:04'),(71,9,'2017-03-09 10:16:23'),(71,9,'2017-03-09 10:27:14'),(71,9,'2017-03-09 10:27:58'),(71,9,'2017-03-09 10:29:12'),(71,9,'2017-03-09 10:45:08'),(71,9,'2017-03-09 10:49:35'),(71,9,'2017-03-09 10:56:31'),(71,9,'2017-03-09 10:56:50'),(71,9,'2017-03-09 10:58:13'),(71,9,'2017-03-09 10:59:02'),(71,9,'2017-03-09 10:59:24'),(71,9,'2017-03-09 10:59:43'),(71,9,'2017-03-09 10:59:52'),(71,9,'2017-03-09 11:02:32'),(71,9,'2017-03-09 11:03:26'),(71,9,'2017-03-09 11:03:40'),(71,9,'2017-03-09 11:03:46'),(71,9,'2017-03-09 11:03:51'),(71,9,'2017-03-09 11:03:54'),(71,9,'2017-03-09 11:07:16'),(71,9,'2017-03-09 11:07:22'),(71,9,'2017-03-09 11:07:26'),(71,9,'2017-03-09 11:08:11'),(71,9,'2017-03-09 11:08:18'),(71,9,'2017-03-09 11:08:25'),(71,9,'2017-03-09 11:08:30'),(71,9,'2017-03-09 11:08:35'),(71,9,'2017-03-09 11:10:27'),(71,9,'2017-03-09 11:10:35'),(71,9,'2017-03-09 11:13:03'),(71,9,'2017-03-09 11:13:08'),(71,9,'2017-03-09 11:24:44'),(71,9,'2017-03-09 11:24:51'),(71,9,'2017-03-09 11:25:07'),(71,9,'2017-03-09 11:25:16'),(71,9,'2017-03-09 11:25:59'),(71,9,'2017-03-09 11:28:33'),(71,9,'2017-03-09 11:28:38'),(71,9,'2017-03-09 11:28:46'),(71,9,'2017-03-09 11:29:10'),(71,9,'2017-03-09 11:32:47'),(71,9,'2017-03-09 11:32:53'),(71,9,'2017-03-09 11:32:58'),(71,9,'2017-03-09 11:33:02'),(71,9,'2017-03-09 11:33:11'),(71,9,'2017-03-09 11:33:16'),(71,9,'2017-03-09 11:33:20'),(71,9,'2017-03-09 11:33:52'),(71,9,'2017-03-09 11:34:39'),(71,9,'2017-03-09 11:35:17'),(71,9,'2017-03-09 11:35:22'),(71,9,'2017-03-09 11:35:35'),(71,9,'2017-03-09 11:35:57'),(71,9,'2017-03-09 11:39:05'),(71,9,'2017-03-09 11:39:23'),(71,9,'2017-03-09 11:40:25'),(71,9,'2017-03-09 11:40:30'),(71,9,'2017-03-09 11:40:39'),(71,9,'2017-03-09 11:41:14'),(71,9,'2017-03-09 11:42:37'),(71,9,'2017-03-09 11:43:36'),(71,9,'2017-03-09 11:43:59'),(71,9,'2017-03-09 11:44:42'),(71,9,'2017-03-09 11:44:56'),(71,9,'2017-03-09 11:45:03'),(71,9,'2017-03-09 11:46:02'),(71,9,'2017-03-09 11:46:06'),(71,9,'2017-03-09 11:46:20'),(71,9,'2017-03-09 11:46:25'),(71,9,'2017-03-09 11:48:41'),(71,9,'2017-03-09 11:48:46'),(71,9,'2017-03-09 11:48:51'),(71,9,'2017-03-09 11:48:55'),(71,9,'2017-03-09 11:49:15'),(71,9,'2017-03-09 11:49:21'),(71,9,'2017-03-09 11:50:25'),(71,9,'2017-03-09 11:50:32'),(71,9,'2017-03-09 11:53:38'),(71,9,'2017-03-09 11:54:05'),(71,9,'2017-03-09 11:54:14'),(71,9,'2017-03-09 11:56:06'),(71,9,'2017-03-09 11:57:34'),(71,9,'2017-03-09 12:01:06'),(71,9,'2017-03-09 12:02:44'),(71,9,'2017-03-09 12:02:51'),(71,9,'2017-03-09 12:05:25'),(71,9,'2017-03-09 12:18:50'),(71,9,'2017-03-09 12:19:09'),(71,9,'2017-03-09 12:41:01'),(71,9,'2017-03-09 12:43:34'),(71,9,'2017-03-09 12:46:56'),(71,9,'2017-03-09 12:47:12'),(71,9,'2017-03-09 12:47:22'),(71,9,'2017-03-09 12:48:05'),(71,9,'2017-03-09 12:48:28'),(71,9,'2017-03-09 12:49:22'),(71,9,'2017-03-09 12:50:15'),(71,9,'2017-03-09 12:52:35'),(71,9,'2017-03-09 12:53:11'),(71,9,'2017-03-09 12:53:50'),(71,9,'2017-03-09 12:54:09'),(71,9,'2017-03-09 12:56:53'),(71,9,'2017-03-09 12:59:19'),(71,9,'2017-03-09 12:59:51'),(71,9,'2017-03-09 13:00:32'),(71,9,'2017-03-09 13:00:59'),(71,9,'2017-03-09 13:01:18'),(71,9,'2017-03-09 13:02:11'),(71,9,'2017-03-09 13:12:13'),(71,9,'2017-03-09 13:12:31'),(71,9,'2017-03-09 13:12:38'),(71,9,'2017-03-09 13:14:56'),(71,9,'2017-03-09 13:15:02'),(71,9,'2017-03-09 13:21:19'),(71,9,'2017-03-09 13:21:42'),(71,9,'2017-03-09 13:34:54'),(71,9,'2017-03-09 13:35:33'),(71,9,'2017-03-09 16:18:43'),(71,9,'2017-03-09 16:27:35'),(71,9,'2017-03-09 16:37:20'),(71,9,'2017-03-09 16:37:53'),(71,9,'2017-03-09 16:39:40'),(71,9,'2017-03-09 16:51:08'),(71,9,'2017-03-09 16:51:35'),(71,9,'2017-03-09 17:30:23'),(71,9,'2017-03-09 17:30:49'),(71,9,'2017-03-09 17:31:13'),(71,9,'2017-03-10 08:12:10'),(71,9,'2017-03-10 08:12:17'),(71,9,'2017-03-10 09:00:33'),(71,9,'2017-03-10 09:01:06'),(71,9,'2017-03-10 09:01:43'),(71,9,'2017-03-10 09:01:49'),(71,9,'2017-03-10 09:03:20'),(71,9,'2017-03-10 09:07:48'),(71,9,'2017-03-10 09:08:05'),(71,9,'2017-03-10 09:08:10'),(71,9,'2017-03-10 09:08:31'),(71,9,'2017-03-10 09:08:44'),(71,9,'2017-03-10 09:09:01'),(71,9,'2017-03-10 09:09:13'),(71,9,'2017-03-10 09:09:19'),(71,9,'2017-03-10 09:09:22'),(71,9,'2017-03-10 09:09:49'),(71,9,'2017-03-10 09:10:33'),(71,9,'2017-03-10 09:12:42'),(71,9,'2017-03-10 09:12:55'),(71,9,'2017-03-10 09:13:17'),(71,9,'2017-03-10 09:57:24'),(71,9,'2017-03-10 09:57:30'),(71,9,'2017-03-10 09:58:16'),(71,9,'2017-03-10 10:01:39'),(71,9,'2017-03-10 10:03:25'),(71,9,'2017-03-10 10:04:10'),(71,9,'2017-03-10 10:07:33'),(71,9,'2017-03-10 10:07:39'),(71,9,'2017-03-10 10:10:36'),(71,9,'2017-03-10 10:11:25'),(71,9,'2017-03-10 10:12:00'),(71,9,'2017-03-10 10:15:54'),(71,9,'2017-03-10 10:16:13'),(71,9,'2017-03-10 10:18:50'),(71,9,'2017-03-10 10:19:53'),(71,9,'2017-03-10 10:23:01'),(71,9,'2017-03-10 10:23:24'),(71,9,'2017-03-10 10:25:29'),(71,9,'2017-03-10 10:26:00'),(71,9,'2017-03-10 10:26:10'),(71,9,'2017-03-10 10:27:12'),(71,9,'2017-03-10 10:27:57'),(71,9,'2017-03-10 10:28:05'),(71,9,'2017-03-10 10:28:42'),(71,9,'2017-03-10 10:30:07'),(71,9,'2017-03-10 10:34:16'),(71,9,'2017-03-10 10:34:56'),(71,9,'2017-03-10 10:35:05'),(71,9,'2017-03-10 10:36:57'),(71,9,'2017-03-10 10:38:01'),(71,9,'2017-03-10 10:38:41'),(71,9,'2017-03-10 10:39:59'),(71,9,'2017-03-10 10:41:07'),(71,9,'2017-03-10 10:41:42'),(71,9,'2017-03-10 10:44:36'),(71,9,'2017-03-10 10:45:02'),(71,9,'2017-03-10 10:45:44'),(71,9,'2017-03-10 10:45:54'),(71,9,'2017-03-10 10:46:05'),(71,9,'2017-03-10 10:46:43'),(71,9,'2017-03-10 10:46:56'),(71,9,'2017-03-10 10:47:16'),(71,9,'2017-03-10 10:47:28'),(71,9,'2017-03-10 10:47:36'),(71,9,'2017-03-10 10:48:01'),(71,9,'2017-03-10 10:48:16'),(71,9,'2017-03-10 10:48:43'),(71,9,'2017-03-10 10:48:50'),(71,9,'2017-03-10 10:49:47'),(71,9,'2017-03-10 10:50:00'),(71,9,'2017-03-10 10:50:36'),(71,9,'2017-03-10 10:50:48'),(71,9,'2017-03-10 10:50:56'),(71,9,'2017-03-10 10:51:06'),(71,9,'2017-03-10 10:51:28'),(71,9,'2017-03-10 10:52:18'),(71,9,'2017-03-10 10:52:32'),(71,9,'2017-03-10 10:52:44'),(71,9,'2017-03-10 10:53:34'),(71,9,'2017-03-10 10:53:43'),(71,9,'2017-03-10 10:53:53'),(71,9,'2017-03-10 10:55:39'),(71,9,'2017-03-13 10:20:54'),(71,9,'2017-03-13 10:21:14'),(71,9,'2017-03-13 10:21:30'),(71,9,'2017-03-13 10:36:19'),(71,9,'2017-03-13 10:37:08'),(71,9,'2017-03-13 10:38:15'),(71,9,'2017-03-13 10:39:44'),(71,9,'2017-03-13 10:39:56'),(71,9,'2017-03-13 10:50:25'),(71,9,'2017-03-13 10:52:26'),(71,9,'2017-03-13 10:53:12'),(71,9,'2017-03-13 10:54:40'),(71,9,'2017-03-13 10:55:33'),(71,9,'2017-03-13 11:23:28'),(71,9,'2017-03-13 11:54:03'),(71,9,'2017-03-13 11:54:14'),(71,9,'2017-03-13 11:55:34'),(71,9,'2017-03-13 12:02:27'),(71,9,'2017-03-13 12:06:06'),(71,9,'2017-03-13 12:07:05'),(71,9,'2017-03-13 12:08:20'),(71,9,'2017-03-13 12:08:35'),(71,9,'2017-03-13 12:10:02'),(71,9,'2017-03-13 12:10:58'),(71,9,'2017-03-13 12:11:24'),(71,9,'2017-03-13 12:13:05'),(71,9,'2017-03-13 12:28:07'),(71,9,'2017-03-13 12:33:19'),(71,9,'2017-03-13 12:33:58'),(71,9,'2017-03-13 12:34:12'),(71,9,'2017-03-13 12:34:25'),(71,9,'2017-03-13 12:37:14'),(71,9,'2017-03-13 12:37:52'),(71,9,'2017-03-13 12:37:56'),(71,9,'2017-03-13 12:38:26'),(71,9,'2017-03-13 12:39:25'),(71,9,'2017-03-13 12:39:41'),(71,9,'2017-03-13 12:43:27'),(71,9,'2017-03-13 13:05:32'),(71,9,'2017-03-13 13:13:31'),(71,9,'2017-03-13 13:13:48'),(71,9,'2017-03-13 13:13:57'),(71,9,'2017-03-13 13:21:57'),(71,9,'2017-03-13 13:22:53'),(71,9,'2017-03-13 13:26:44'),(71,9,'2017-03-13 13:27:01'),(79,9,'2016-12-05 16:11:15'),(79,9,'2016-12-05 16:12:18'),(79,9,'2017-01-12 16:56:03'),(79,9,'2017-02-27 11:19:28'),(79,9,'2017-03-13 13:32:37'),(79,9,'2017-03-14 11:14:47'),(489,9,'2017-01-24 09:52:09'),(489,9,'2017-01-24 17:52:56'),(489,9,'2017-01-24 17:53:13'),(489,9,'2017-01-24 17:54:28'),(489,9,'2017-01-24 17:56:31'),(489,9,'2017-01-24 17:57:35'),(489,9,'2017-01-24 17:58:05'),(489,9,'2017-01-24 17:59:38'),(489,9,'2017-01-24 18:00:09'),(489,9,'2017-01-24 18:01:06'),(489,9,'2017-01-24 18:02:07'),(502,9,'2017-01-25 18:12:29'),(594,9,'2017-02-27 11:44:45'),(594,9,'2017-02-27 11:45:56'),(594,9,'2017-02-27 11:46:01'),(595,9,'2017-02-27 11:47:07'),(595,9,'2017-02-27 11:57:49'),(595,9,'2017-02-27 11:58:00'),(12,10,'2016-10-05 14:26:57'),(12,10,'2016-10-05 14:45:23'),(12,10,'2016-10-05 15:06:32'),(12,10,'2016-10-05 15:10:48'),(12,10,'2016-10-05 15:11:00'),(12,10,'2016-10-05 15:30:02'),(12,10,'2016-10-05 15:30:10'),(12,10,'2016-10-05 15:31:58'),(12,10,'2016-10-05 15:33:30'),(12,10,'2016-10-05 15:33:45'),(12,10,'2016-10-05 15:34:02'),(12,10,'2016-10-05 17:14:06'),(13,10,'2016-10-05 15:48:12'),(14,10,'2016-10-05 17:15:35'),(15,10,'2016-10-05 17:16:49'),(16,10,'2016-10-06 10:11:05'),(16,10,'2016-10-06 10:11:10'),(17,10,'2016-10-06 14:52:35'),(19,10,'2016-10-06 18:15:54'),(19,10,'2016-10-06 18:16:01'),(19,10,'2016-10-06 18:16:10'),(19,10,'2016-10-06 18:16:50'),(19,10,'2016-10-06 18:16:59'),(19,10,'2016-10-06 18:17:02'),(19,10,'2016-10-06 18:17:54'),(19,10,'2016-10-06 18:18:10'),(19,10,'2016-10-06 18:21:50'),(19,10,'2016-10-06 18:23:51'),(19,10,'2016-10-06 18:26:46'),(19,10,'2016-10-07 08:46:33'),(19,10,'2016-10-07 08:54:20'),(19,10,'2016-10-07 09:17:10'),(19,10,'2016-10-07 09:21:28'),(19,10,'2016-10-07 09:22:29'),(19,10,'2016-10-07 09:22:35'),(19,10,'2016-10-07 09:23:32'),(20,10,'2016-10-07 09:24:23'),(20,10,'2016-10-07 09:24:32'),(20,10,'2016-10-07 09:30:21'),(20,10,'2016-10-07 09:30:25'),(20,10,'2016-10-07 09:30:35'),(20,10,'2016-10-07 09:30:40'),(20,10,'2016-10-07 09:41:16'),(20,10,'2016-10-07 09:41:22'),(20,10,'2016-10-07 09:53:05'),(20,10,'2016-10-07 12:07:45'),(39,10,'2016-10-17 10:13:22'),(43,10,'2016-10-17 14:53:33'),(55,10,'2016-10-20 07:58:19'),(55,10,'2016-10-20 07:58:38'),(61,10,'2016-11-10 10:20:53'),(61,10,'2016-11-10 10:21:19'),(63,10,'2016-11-30 15:00:56'),(63,10,'2016-11-30 15:01:48'),(63,10,'2016-11-30 15:01:53'),(63,10,'2016-11-30 15:07:30'),(63,10,'2016-11-30 15:07:34'),(63,10,'2016-12-05 14:09:32'),(71,10,'2016-12-05 15:48:50'),(71,10,'2016-12-05 15:48:57'),(71,10,'2016-12-05 15:56:01'),(71,10,'2016-12-05 15:56:08'),(71,10,'2016-12-05 15:56:55'),(71,10,'2016-12-05 15:57:14'),(71,10,'2016-12-05 15:57:30'),(71,10,'2016-12-05 15:57:34'),(71,10,'2016-12-05 16:11:08'),(71,10,'2016-12-05 16:13:02'),(71,10,'2016-12-05 16:13:34'),(71,10,'2016-12-28 11:38:34'),(71,10,'2016-12-28 11:55:23'),(71,10,'2016-12-28 12:00:38'),(71,10,'2016-12-28 12:01:03'),(71,10,'2016-12-28 12:01:48'),(71,10,'2016-12-28 13:09:12'),(71,10,'2016-12-28 13:12:24'),(71,10,'2016-12-28 13:13:32'),(71,10,'2016-12-28 13:14:02'),(71,10,'2017-01-11 17:01:37'),(71,10,'2017-01-11 17:33:42'),(71,10,'2017-01-11 17:34:19'),(71,10,'2017-01-11 17:34:52'),(71,10,'2017-01-12 10:14:34'),(71,10,'2017-01-12 10:55:41'),(71,10,'2017-01-12 10:58:21'),(71,10,'2017-01-12 11:37:06'),(71,10,'2017-01-12 11:39:48'),(71,10,'2017-01-12 12:39:38'),(71,10,'2017-01-16 10:53:12'),(71,10,'2017-01-16 10:53:26'),(71,10,'2017-01-16 10:53:40'),(71,10,'2017-01-16 10:57:13'),(71,10,'2017-01-16 10:57:30'),(71,10,'2017-01-16 10:57:39'),(71,10,'2017-01-24 09:11:57'),(71,10,'2017-01-27 10:56:44'),(71,10,'2017-01-27 10:57:21'),(71,10,'2017-01-27 10:57:28'),(71,10,'2017-01-27 10:57:40'),(71,10,'2017-01-27 10:58:04'),(71,10,'2017-01-27 10:58:40'),(71,10,'2017-01-27 10:58:47'),(71,10,'2017-01-27 10:58:53'),(71,10,'2017-01-27 11:00:13'),(71,10,'2017-01-27 11:39:54'),(71,10,'2017-01-27 11:40:01'),(71,10,'2017-01-27 11:40:07'),(71,10,'2017-01-27 11:41:30'),(71,10,'2017-01-27 11:47:10'),(71,10,'2017-01-27 11:47:23'),(71,10,'2017-01-27 11:47:31'),(71,10,'2017-02-27 11:13:29'),(71,10,'2017-03-08 18:56:53'),(71,10,'2017-03-09 10:12:25'),(71,10,'2017-03-09 10:12:37'),(71,10,'2017-03-09 10:12:53'),(71,10,'2017-03-09 10:13:09'),(71,10,'2017-03-09 10:27:26'),(71,10,'2017-03-09 10:28:06'),(71,10,'2017-03-09 10:30:38'),(71,10,'2017-03-09 10:31:17'),(71,10,'2017-03-09 10:31:29'),(71,10,'2017-03-09 10:31:43'),(71,10,'2017-03-09 10:31:59'),(71,10,'2017-03-09 10:56:22'),(71,10,'2017-03-09 10:56:37'),(71,10,'2017-03-09 10:56:54'),(71,10,'2017-03-09 10:59:08'),(71,10,'2017-03-09 10:59:56'),(71,10,'2017-03-09 11:00:27'),(71,10,'2017-03-09 11:02:39'),(71,10,'2017-03-09 11:03:30'),(71,10,'2017-03-09 11:03:45'),(71,10,'2017-03-09 11:03:50'),(71,10,'2017-03-09 11:03:53'),(71,10,'2017-03-09 11:07:20'),(71,10,'2017-03-09 11:07:25'),(71,10,'2017-03-09 11:08:16'),(71,10,'2017-03-09 11:08:24'),(71,10,'2017-03-09 11:08:29'),(71,10,'2017-03-09 11:08:34'),(71,10,'2017-03-09 11:10:34'),(71,10,'2017-03-09 11:13:07'),(71,10,'2017-03-09 11:24:50'),(71,10,'2017-03-09 11:25:06'),(71,10,'2017-03-09 11:25:15'),(71,10,'2017-03-09 11:28:37'),(71,10,'2017-03-09 11:28:43'),(71,10,'2017-03-09 11:29:08'),(71,10,'2017-03-09 11:32:52'),(71,10,'2017-03-09 11:32:57'),(71,10,'2017-03-09 11:33:01'),(71,10,'2017-03-09 11:33:10'),(71,10,'2017-03-09 11:33:15'),(71,10,'2017-03-09 11:35:22'),(71,10,'2017-03-09 11:40:29'),(71,10,'2017-03-09 11:43:58'),(71,10,'2017-03-09 11:45:02'),(71,10,'2017-03-09 11:46:05'),(71,10,'2017-03-09 11:46:24'),(71,10,'2017-03-09 11:48:45'),(71,10,'2017-03-09 11:48:50'),(71,10,'2017-03-09 11:48:54'),(71,10,'2017-03-09 11:49:20'),(71,10,'2017-03-09 11:50:31'),(71,10,'2017-03-09 11:54:12'),(71,10,'2017-03-09 11:56:05'),(71,10,'2017-03-09 12:02:49'),(71,10,'2017-03-09 12:19:05'),(71,10,'2017-03-09 12:19:12'),(71,10,'2017-03-09 12:41:09'),(71,10,'2017-03-09 12:43:40'),(71,10,'2017-03-09 12:47:02'),(71,10,'2017-03-09 12:47:16'),(71,10,'2017-03-09 12:47:31'),(71,10,'2017-03-09 12:48:14'),(71,10,'2017-03-09 12:48:37'),(71,10,'2017-03-09 12:49:29'),(71,10,'2017-03-09 12:50:21'),(71,10,'2017-03-09 12:52:41'),(71,10,'2017-03-09 12:53:16'),(71,10,'2017-03-09 12:54:00'),(71,10,'2017-03-09 12:54:19'),(71,10,'2017-03-09 12:57:01'),(71,10,'2017-03-09 12:59:27'),(71,10,'2017-03-09 13:00:03'),(71,10,'2017-03-09 13:00:41'),(71,10,'2017-03-09 13:01:06'),(71,10,'2017-03-09 13:01:25'),(71,10,'2017-03-09 13:03:16'),(71,10,'2017-03-09 13:12:19'),(71,10,'2017-03-09 13:12:34'),(71,10,'2017-03-09 13:12:45'),(71,10,'2017-03-09 13:15:01'),(71,10,'2017-03-09 13:21:45'),(71,10,'2017-03-09 13:21:57'),(71,10,'2017-03-09 13:35:26'),(71,10,'2017-03-09 16:18:53'),(71,10,'2017-03-09 16:27:58'),(71,10,'2017-03-09 16:37:46'),(71,10,'2017-03-09 16:38:09'),(71,10,'2017-03-09 16:40:05'),(71,10,'2017-03-09 16:51:46'),(71,10,'2017-03-09 17:30:47'),(71,10,'2017-03-09 17:31:11'),(71,10,'2017-03-09 17:31:25'),(71,10,'2017-03-10 08:12:15'),(71,10,'2017-03-10 09:00:32'),(71,10,'2017-03-10 09:01:48'),(71,10,'2017-03-10 09:08:04'),(71,10,'2017-03-10 09:08:09'),(71,10,'2017-03-10 09:09:09'),(71,10,'2017-03-10 09:13:07'),(71,10,'2017-03-10 09:13:15'),(71,10,'2017-03-10 09:57:22'),(71,10,'2017-03-10 09:57:29'),(71,10,'2017-03-10 10:01:36'),(71,10,'2017-03-10 10:04:07'),(71,10,'2017-03-10 10:07:38'),(71,10,'2017-03-10 10:10:46'),(71,10,'2017-03-10 10:11:53'),(71,10,'2017-03-10 10:12:04'),(71,10,'2017-03-10 10:16:03'),(71,10,'2017-03-10 10:19:25'),(71,10,'2017-03-10 10:20:18'),(71,10,'2017-03-10 10:23:23'),(71,10,'2017-03-10 10:23:35'),(71,10,'2017-03-10 10:26:08'),(71,10,'2017-03-10 10:28:04'),(71,10,'2017-03-10 10:34:54'),(71,10,'2017-03-10 10:35:04'),(71,10,'2017-03-10 10:41:41'),(71,10,'2017-03-10 10:45:09'),(71,10,'2017-03-10 10:45:53'),(71,10,'2017-03-10 10:46:13'),(71,10,'2017-03-10 10:47:27'),(71,10,'2017-03-10 10:47:35'),(71,10,'2017-03-10 10:48:28'),(71,10,'2017-03-10 10:48:42'),(71,10,'2017-03-10 10:48:48'),(71,10,'2017-03-10 10:49:58'),(71,10,'2017-03-10 10:50:35'),(71,10,'2017-03-10 10:50:47'),(71,10,'2017-03-10 10:50:55'),(71,10,'2017-03-10 10:51:05'),(71,10,'2017-03-10 10:51:15'),(71,10,'2017-03-10 10:51:26'),(71,10,'2017-03-10 10:52:17'),(71,10,'2017-03-10 10:52:43'),(71,10,'2017-03-10 10:53:42'),(71,10,'2017-03-10 10:53:52'),(71,10,'2017-03-10 10:55:37'),(71,10,'2017-03-10 11:02:28'),(71,10,'2017-03-13 10:21:29'),(71,10,'2017-03-13 10:39:55'),(71,10,'2017-03-13 10:49:56'),(71,10,'2017-03-13 10:50:28'),(71,10,'2017-03-13 10:52:29'),(71,10,'2017-03-13 10:53:15'),(71,10,'2017-03-13 10:54:43'),(71,10,'2017-03-13 10:55:35'),(71,10,'2017-03-13 11:23:56'),(71,10,'2017-03-13 11:54:11'),(71,10,'2017-03-13 11:55:39'),(71,10,'2017-03-13 12:02:38'),(71,10,'2017-03-13 12:06:14'),(71,10,'2017-03-13 12:07:15'),(71,10,'2017-03-13 12:08:27'),(71,10,'2017-03-13 12:08:41'),(71,10,'2017-03-13 12:11:08'),(71,10,'2017-03-13 12:11:49'),(71,10,'2017-03-13 12:13:30'),(71,10,'2017-03-13 12:13:45'),(71,10,'2017-03-13 12:43:25'),(71,10,'2017-03-13 13:06:15'),(71,10,'2017-03-13 13:13:44'),(71,10,'2017-03-13 13:13:56'),(71,10,'2017-03-13 13:22:09'),(71,10,'2017-03-13 13:27:08'),(71,10,'2017-03-13 13:27:20'),(79,10,'2016-12-05 16:11:43'),(79,10,'2016-12-05 16:11:55'),(79,10,'2016-12-05 16:12:29'),(79,10,'2017-03-13 13:32:35'),(79,10,'2017-03-14 11:14:45'),(79,10,'2017-03-14 11:15:29'),(489,10,'2017-01-24 17:52:58'),(489,10,'2017-01-24 17:53:16'),(489,10,'2017-01-24 17:54:31'),(489,10,'2017-01-24 17:56:37'),(489,10,'2017-01-24 17:57:49'),(489,10,'2017-01-24 17:58:09'),(489,10,'2017-01-24 17:59:41'),(489,10,'2017-01-24 18:00:13'),(489,10,'2017-01-24 18:01:09'),(489,10,'2017-01-24 18:02:09'),(594,10,'2017-02-27 11:45:02'),(594,10,'2017-02-27 11:45:10'),(594,10,'2017-02-27 11:46:09'),(595,10,'2017-02-27 11:47:30'),(595,10,'2017-02-27 11:58:04'),(13,14,'2016-10-05 14:27:51'),(13,14,'2016-10-05 14:45:01'),(13,14,'2016-10-05 15:04:52'),(13,14,'2016-10-05 15:10:24'),(13,14,'2016-10-05 15:29:46'),(13,14,'2016-10-05 15:47:13'),(18,14,'2016-10-06 14:59:31'),(32,14,'2016-10-13 09:49:22'),(33,14,'2016-10-13 10:42:15'),(33,14,'2016-10-13 10:42:43'),(33,14,'2016-10-14 11:02:14'),(34,14,'2016-10-14 11:04:00'),(35,14,'2016-10-14 11:06:59'),(35,14,'2016-10-14 11:26:51'),(35,14,'2016-10-14 11:36:30'),(36,14,'2016-10-14 13:04:55'),(36,14,'2016-10-14 13:05:38'),(37,14,'2016-10-14 13:59:54'),(38,14,'2016-10-17 10:09:12'),(44,14,'2016-10-17 14:58:06'),(44,14,'2016-10-17 15:28:23'),(44,14,'2016-10-17 15:33:16'),(45,14,'2016-10-17 15:48:44'),(45,14,'2016-10-17 15:50:36'),(46,14,'2016-10-17 15:57:47'),(46,14,'2016-10-17 16:23:50'),(46,14,'2016-10-17 16:25:11'),(46,14,'2016-10-17 16:25:32'),(46,14,'2016-10-18 08:33:09'),(46,14,'2016-10-18 08:57:48'),(46,14,'2016-10-18 09:35:35'),(46,14,'2016-10-18 16:31:40'),(46,14,'2016-10-20 07:58:55'),(56,14,'2016-10-26 14:50:43'),(56,14,'2016-10-26 15:03:02'),(56,14,'2016-10-26 15:03:38'),(56,14,'2016-10-26 15:06:55'),(56,14,'2016-10-26 15:08:13'),(56,14,'2016-11-11 12:15:14'),(56,14,'2016-11-14 10:15:46'),(56,14,'2016-11-14 10:32:05'),(56,14,'2016-11-14 11:50:41'),(62,14,'2016-11-21 12:34:57'),(64,14,'2016-11-30 15:09:33'),(64,14,'2016-11-30 15:57:02'),(64,14,'2016-12-01 12:45:27'),(65,14,'2016-12-01 13:10:45'),(83,14,'2016-12-05 16:38:30'),(83,14,'2016-12-05 16:38:34'),(83,14,'2016-12-05 16:38:43'),(83,14,'2016-12-05 17:29:10'),(83,14,'2016-12-07 11:48:43'),(83,14,'2016-12-07 11:50:46'),(83,14,'2016-12-07 12:15:40'),(83,14,'2016-12-07 12:30:12'),(83,14,'2016-12-09 11:46:18'),(83,14,'2016-12-09 13:10:40'),(83,14,'2016-12-09 13:14:39'),(83,14,'2016-12-09 13:15:00'),(83,14,'2016-12-09 13:18:14'),(83,14,'2016-12-09 13:26:19'),(83,14,'2016-12-09 13:26:40'),(83,14,'2016-12-09 13:28:23'),(83,14,'2016-12-09 13:30:01'),(83,14,'2016-12-09 13:38:17'),(83,14,'2016-12-09 13:42:50'),(83,14,'2016-12-09 13:45:17'),(83,14,'2016-12-09 13:45:55'),(83,14,'2016-12-09 13:47:17'),(83,14,'2016-12-09 13:47:53'),(83,14,'2016-12-09 13:49:07'),(83,14,'2016-12-09 13:51:53'),(83,14,'2016-12-12 11:02:14'),(83,14,'2016-12-12 11:06:02'),(83,14,'2016-12-12 11:06:24'),(83,14,'2016-12-12 13:05:58'),(83,14,'2016-12-12 13:06:39'),(83,14,'2016-12-12 13:08:08'),(83,14,'2016-12-12 13:08:40'),(83,14,'2016-12-12 13:14:32'),(83,14,'2016-12-12 13:17:59'),(83,14,'2016-12-12 13:18:46'),(83,14,'2016-12-12 13:20:11'),(83,14,'2016-12-12 13:23:39'),(83,14,'2016-12-12 13:24:31'),(83,14,'2016-12-12 13:25:27'),(83,14,'2016-12-12 13:25:50'),(83,14,'2016-12-12 15:41:30'),(83,14,'2016-12-12 15:41:58'),(83,14,'2016-12-12 15:44:40'),(83,14,'2016-12-12 15:53:26'),(83,14,'2016-12-12 15:59:28'),(83,14,'2016-12-12 15:59:53'),(83,14,'2016-12-12 16:00:21'),(83,14,'2016-12-12 16:01:26'),(83,14,'2016-12-12 16:12:10'),(83,14,'2016-12-12 16:12:46'),(83,14,'2016-12-12 16:13:11'),(83,14,'2016-12-12 16:15:25'),(83,14,'2016-12-12 16:35:19'),(83,14,'2016-12-12 16:39:02'),(83,14,'2016-12-12 16:42:10'),(83,14,'2016-12-12 16:48:25'),(83,14,'2016-12-12 17:19:57'),(83,14,'2016-12-12 17:20:33'),(83,14,'2016-12-12 17:22:07'),(83,14,'2016-12-12 17:22:48'),(83,14,'2016-12-12 17:23:09'),(83,14,'2016-12-12 17:23:36'),(83,14,'2016-12-12 17:23:59'),(83,14,'2016-12-12 17:24:37'),(83,14,'2016-12-12 17:25:04'),(83,14,'2016-12-12 17:25:25'),(83,14,'2016-12-12 17:25:55'),(83,14,'2016-12-13 10:57:31'),(83,14,'2016-12-13 11:07:53'),(83,14,'2016-12-13 11:08:35'),(83,14,'2016-12-13 15:06:19'),(83,14,'2016-12-13 15:07:34'),(83,14,'2016-12-13 15:08:17'),(83,14,'2016-12-13 15:09:56'),(83,14,'2016-12-13 15:15:51'),(83,14,'2017-01-11 17:02:01'),(83,14,'2017-01-11 17:21:07'),(83,14,'2017-01-11 17:38:31'),(83,14,'2017-02-16 12:24:18'),(83,14,'2017-02-16 17:04:57'),(83,14,'2017-02-16 17:05:30'),(83,14,'2017-02-16 17:05:56'),(83,14,'2017-02-16 17:06:28'),(83,14,'2017-02-16 17:45:02'),(89,14,'2016-12-07 11:49:20'),(93,14,'2016-12-07 12:37:14'),(13,15,'2016-10-05 14:27:56'),(13,15,'2016-10-05 14:45:08'),(13,15,'2016-10-05 15:04:57'),(13,15,'2016-10-05 15:10:26'),(13,15,'2016-10-05 15:29:47'),(13,15,'2016-10-05 15:47:26'),(18,15,'2016-10-06 14:59:52'),(32,15,'2016-10-13 10:41:02'),(33,15,'2016-10-13 10:42:19'),(33,15,'2016-10-14 11:02:12'),(33,15,'2016-10-14 11:02:35'),(34,15,'2016-10-14 11:04:27'),(35,15,'2016-10-14 11:07:21'),(35,15,'2016-10-14 11:11:31'),(35,15,'2016-10-14 11:21:25'),(35,15,'2016-10-14 11:36:27'),(35,15,'2016-10-14 11:36:35'),(35,15,'2016-10-14 11:36:43'),(35,15,'2016-10-14 11:38:45'),(35,15,'2016-10-14 12:44:11'),(35,15,'2016-10-14 12:58:20'),(36,15,'2016-10-14 13:05:16'),(36,15,'2016-10-14 13:05:35'),(36,15,'2016-10-14 13:07:17'),(37,15,'2016-10-14 14:01:03'),(38,15,'2016-10-17 10:09:36'),(44,15,'2016-10-17 15:01:37'),(44,15,'2016-10-17 15:28:20'),(44,15,'2016-10-17 15:28:29'),(44,15,'2016-10-17 15:28:33'),(44,15,'2016-10-17 15:33:14'),(45,15,'2016-10-17 15:50:34'),(45,15,'2016-10-17 15:53:21'),(45,15,'2016-10-17 15:53:37'),(45,15,'2016-10-17 15:54:32'),(45,15,'2016-10-17 15:55:46'),(46,15,'2016-10-17 15:58:30'),(46,15,'2016-10-17 16:23:48'),(46,15,'2016-10-17 16:25:07'),(46,15,'2016-10-17 16:25:21'),(46,15,'2016-10-17 16:27:48'),(46,15,'2016-10-18 08:33:25'),(46,15,'2016-10-18 08:39:42'),(46,15,'2016-10-18 08:42:02'),(46,15,'2016-10-18 08:43:42'),(46,15,'2016-10-18 08:44:11'),(46,15,'2016-10-18 08:46:52'),(46,15,'2016-10-18 08:47:26'),(46,15,'2016-10-18 08:49:50'),(46,15,'2016-10-18 08:57:42'),(46,15,'2016-10-18 08:57:53'),(46,15,'2016-10-18 09:03:14'),(46,15,'2016-10-18 09:03:43'),(46,15,'2016-10-18 09:04:54'),(46,15,'2016-10-18 09:05:34'),(46,15,'2016-10-18 09:22:18'),(46,15,'2016-10-18 09:28:10'),(46,15,'2016-10-18 09:34:09'),(46,15,'2016-10-18 09:34:18'),(46,15,'2016-10-18 09:34:32'),(46,15,'2016-10-18 09:36:21'),(46,15,'2016-10-18 09:38:19'),(46,15,'2016-10-18 10:32:07'),(46,15,'2016-10-18 12:03:43'),(46,15,'2016-10-18 12:12:04'),(46,15,'2016-10-18 16:31:37'),(46,15,'2016-10-18 16:32:03'),(46,15,'2016-10-20 07:59:04'),(48,15,'2016-10-26 14:49:31'),(48,15,'2016-10-26 14:49:34'),(48,15,'2016-10-26 14:49:49'),(56,15,'2016-10-26 14:53:16'),(56,15,'2016-10-26 15:03:21'),(56,15,'2016-10-26 15:06:43'),(56,15,'2016-10-26 15:08:04'),(56,15,'2016-11-10 16:30:28'),(56,15,'2016-11-10 16:32:04'),(56,15,'2016-11-10 16:34:45'),(56,15,'2016-11-10 17:15:23'),(56,15,'2016-11-11 12:12:04'),(56,15,'2016-11-11 12:30:18'),(56,15,'2016-11-14 10:15:52'),(56,15,'2016-11-14 11:47:28'),(56,15,'2016-11-14 11:50:12'),(56,15,'2016-11-14 11:50:38'),(56,15,'2016-11-23 12:44:15'),(56,15,'2016-11-23 12:45:26'),(64,15,'2016-11-30 15:09:43'),(64,15,'2016-11-30 15:57:05'),(64,15,'2016-12-01 12:45:34'),(64,15,'2016-12-01 12:51:14'),(64,15,'2016-12-01 13:11:35'),(83,15,'2016-12-05 16:38:40'),(83,15,'2016-12-07 11:48:50'),(83,15,'2016-12-07 11:50:48'),(83,15,'2016-12-07 12:30:14'),(83,15,'2016-12-09 11:46:21'),(83,15,'2016-12-09 13:10:43'),(83,15,'2016-12-09 13:14:42'),(83,15,'2016-12-09 13:15:02'),(83,15,'2016-12-09 13:18:17'),(83,15,'2016-12-09 13:19:09'),(83,15,'2016-12-09 13:26:22'),(83,15,'2016-12-09 13:26:46'),(83,15,'2016-12-09 13:28:24'),(83,15,'2016-12-09 13:30:04'),(83,15,'2016-12-09 13:38:19'),(83,15,'2016-12-09 13:42:55'),(83,15,'2016-12-09 13:45:20'),(83,15,'2016-12-09 13:45:57'),(83,15,'2016-12-09 13:47:20'),(83,15,'2016-12-09 13:47:55'),(83,15,'2016-12-09 13:49:09'),(83,15,'2016-12-09 13:51:56'),(83,15,'2016-12-12 11:02:19'),(83,15,'2016-12-12 11:06:03'),(83,15,'2016-12-12 11:06:30'),(83,15,'2016-12-12 13:05:59'),(83,15,'2016-12-12 13:06:40'),(83,15,'2016-12-12 13:08:08'),(83,15,'2016-12-12 13:08:41'),(83,15,'2016-12-12 13:14:37'),(83,15,'2016-12-12 13:18:01'),(83,15,'2016-12-12 13:18:49'),(83,15,'2016-12-12 13:20:12'),(83,15,'2016-12-12 13:23:40'),(83,15,'2016-12-12 13:24:33'),(83,15,'2016-12-12 13:25:28'),(83,15,'2016-12-12 13:25:50'),(83,15,'2016-12-12 15:41:30'),(83,15,'2016-12-12 15:41:58'),(83,15,'2016-12-12 15:44:40'),(83,15,'2016-12-12 15:53:28'),(83,15,'2016-12-12 15:59:30'),(83,15,'2016-12-12 15:59:56'),(83,15,'2016-12-12 16:00:23'),(83,15,'2016-12-12 16:01:27'),(83,15,'2016-12-12 16:12:16'),(83,15,'2016-12-12 16:12:49'),(83,15,'2016-12-12 16:13:14'),(83,15,'2016-12-12 16:15:26'),(83,15,'2016-12-12 16:35:21'),(83,15,'2016-12-12 16:39:03'),(83,15,'2016-12-12 16:42:12'),(83,15,'2016-12-12 16:48:31'),(83,15,'2016-12-12 17:20:29'),(83,15,'2016-12-12 17:20:34'),(83,15,'2016-12-12 17:22:09'),(83,15,'2016-12-12 17:22:49'),(83,15,'2016-12-12 17:23:11'),(83,15,'2016-12-12 17:23:37'),(83,15,'2016-12-12 17:24:01'),(83,15,'2016-12-12 17:24:39'),(83,15,'2016-12-12 17:25:05'),(83,15,'2016-12-12 17:25:27'),(83,15,'2016-12-12 17:25:57'),(83,15,'2016-12-13 10:57:37'),(83,15,'2016-12-13 11:07:54'),(83,15,'2016-12-13 11:08:37'),(83,15,'2016-12-13 15:06:22'),(83,15,'2016-12-13 15:07:36'),(83,15,'2016-12-13 15:08:18'),(83,15,'2016-12-13 15:09:57'),(83,15,'2016-12-13 15:15:52'),(83,15,'2017-01-11 17:02:06'),(83,15,'2017-01-11 17:21:09'),(83,15,'2017-01-11 17:38:33'),(83,15,'2017-02-16 17:44:31'),(83,15,'2017-02-16 17:45:07'),(89,15,'2016-12-07 11:50:05'),(93,15,'2016-12-07 12:37:32'),(21,16,'2016-10-07 13:19:30'),(23,16,'2016-10-10 11:44:24'),(24,16,'2016-10-10 11:45:44'),(25,16,'2016-10-10 11:49:07'),(26,16,'2016-10-10 12:17:24'),(26,16,'2016-10-10 12:17:28'),(27,16,'2016-10-10 12:20:23'),(28,16,'2016-10-10 12:22:22'),(29,16,'2016-10-10 14:02:10'),(29,16,'2016-10-10 16:11:35'),(29,16,'2016-10-10 17:25:20'),(29,16,'2016-10-10 17:29:54'),(29,16,'2016-10-10 17:29:58'),(30,16,'2016-10-10 17:33:26'),(31,16,'2016-10-10 17:35:00'),(31,16,'2016-10-11 17:42:59'),(47,16,'2016-10-18 10:33:08'),(263,16,'2017-01-11 17:21:45'),(263,16,'2017-01-11 17:22:27'),(263,16,'2017-01-11 17:22:35'),(263,16,'2017-01-11 17:39:14'),(263,16,'2017-01-11 17:39:23'),(263,16,'2017-01-11 17:39:53'),(263,16,'2017-01-12 16:52:34'),(283,16,'2017-01-12 16:52:59'),(21,17,'2016-10-10 11:14:12'),(21,17,'2016-10-10 11:14:16'),(23,17,'2016-10-10 11:44:27'),(23,17,'2016-10-10 11:44:34'),(23,17,'2016-10-10 11:44:51'),(24,17,'2016-10-10 11:45:54'),(25,17,'2016-10-10 11:49:09'),(26,17,'2016-10-10 12:17:27'),(26,17,'2016-10-10 12:17:29'),(26,17,'2016-10-10 12:17:33'),(27,17,'2016-10-10 12:20:25'),(28,17,'2016-10-10 12:22:27'),(28,17,'2016-10-10 12:22:50'),(28,17,'2016-10-10 12:22:54'),(29,17,'2016-10-10 16:08:38'),(29,17,'2016-10-10 17:25:18'),(29,17,'2016-10-10 17:29:53'),(29,17,'2016-10-10 17:29:57'),(29,17,'2016-10-10 17:30:26'),(29,17,'2016-10-10 17:30:37'),(30,17,'2016-10-10 17:33:31'),(31,17,'2016-10-10 17:35:03'),(31,17,'2016-10-11 15:57:25'),(31,17,'2016-10-11 15:57:32'),(31,17,'2016-10-11 17:42:50'),(31,17,'2016-10-11 17:42:57'),(31,17,'2016-10-11 17:43:03'),(31,17,'2016-10-11 17:43:13'),(31,17,'2016-10-13 08:07:37'),(47,17,'2016-10-18 10:34:39'),(263,17,'2017-01-11 17:21:55'),(263,17,'2017-01-11 17:22:29'),(263,17,'2017-01-11 17:22:37'),(263,17,'2017-01-11 17:39:16'),(263,17,'2017-01-11 17:39:25'),(263,17,'2017-01-11 17:39:55'),(22,19,'2016-10-07 13:21:11'),(22,20,'2016-10-07 13:21:16'),(22,21,'2016-10-07 13:21:23'),(263,23,'2017-01-11 17:21:58'),(263,23,'2017-01-11 17:22:32'),(263,23,'2017-01-11 17:22:42'),(263,23,'2017-01-11 17:39:18'),(25,24,'2016-10-10 11:49:17'),(26,24,'2016-10-10 12:17:37'),(27,24,'2016-10-10 12:20:34'),(28,24,'2016-10-10 12:22:45'),(28,24,'2016-10-10 12:22:52'),(28,24,'2016-10-10 12:22:56'),(29,24,'2016-10-10 17:30:34'),(29,24,'2016-10-10 17:30:44'),(30,24,'2016-10-10 17:33:33'),(31,24,'2016-10-10 17:35:48'),(31,24,'2016-10-10 17:36:17'),(47,24,'2016-10-18 10:35:19'),(263,24,'2017-01-11 17:21:57'),(263,24,'2017-01-11 17:22:30'),(263,24,'2017-01-11 17:22:38'),(263,24,'2017-01-11 17:39:17'),(263,24,'2017-01-11 17:39:28'),(263,24,'2017-01-11 17:39:57'),(35,27,'2016-10-14 11:07:25'),(35,27,'2016-10-14 11:21:19'),(35,27,'2016-10-14 11:36:39'),(35,27,'2016-10-14 11:37:48'),(35,27,'2016-10-14 11:38:51'),(35,27,'2016-10-14 12:44:21'),(35,27,'2016-10-14 12:58:27'),(36,27,'2016-10-14 13:05:31'),(36,27,'2016-10-14 13:07:21'),(37,27,'2016-10-14 14:01:08'),(38,27,'2016-10-17 10:09:40'),(44,27,'2016-10-17 15:01:52'),(44,27,'2016-10-17 15:28:31'),(44,27,'2016-10-17 15:28:49'),(45,27,'2016-10-17 15:53:28'),(45,27,'2016-10-17 15:53:42'),(45,27,'2016-10-17 15:54:36'),(45,27,'2016-10-17 15:55:52'),(46,27,'2016-10-17 15:58:33'),(46,27,'2016-10-18 08:33:37'),(46,27,'2016-10-18 08:40:23'),(46,27,'2016-10-18 08:42:12'),(46,27,'2016-10-18 08:44:06'),(46,27,'2016-10-18 08:45:32'),(46,27,'2016-10-18 08:47:20'),(46,27,'2016-10-18 08:49:45'),(46,27,'2016-10-18 08:57:10'),(46,27,'2016-10-18 09:02:35'),(46,27,'2016-10-18 09:03:28'),(46,27,'2016-10-18 09:04:26'),(46,27,'2016-10-18 09:05:21'),(46,27,'2016-10-18 09:07:06'),(46,27,'2016-10-18 09:22:56'),(46,27,'2016-10-18 09:28:20'),(46,27,'2016-10-18 09:34:14'),(46,27,'2016-10-18 09:34:28'),(46,27,'2016-10-18 09:38:14'),(46,27,'2016-10-18 09:41:38'),(46,27,'2016-10-18 10:32:11'),(46,27,'2016-10-18 12:03:45'),(46,27,'2016-10-18 12:11:54'),(46,27,'2016-10-18 12:34:24'),(46,27,'2016-10-20 08:00:04'),(56,27,'2016-11-10 16:30:54'),(56,27,'2016-11-10 16:32:37'),(56,27,'2016-11-10 17:14:49'),(56,27,'2016-11-11 12:11:59'),(56,27,'2016-11-14 11:47:39'),(56,27,'2016-11-14 11:50:18'),(56,27,'2016-11-23 12:45:01'),(56,27,'2016-11-23 12:45:54'),(56,27,'2016-11-23 12:46:20'),(56,27,'2016-11-23 15:54:31'),(56,27,'2016-11-23 15:55:33'),(56,27,'2016-11-23 15:56:01'),(56,27,'2016-11-29 12:11:25'),(56,27,'2016-11-29 12:14:16'),(64,27,'2016-11-30 15:10:00'),(64,27,'2016-11-30 15:12:57'),(64,27,'2016-11-30 15:13:04'),(64,27,'2016-11-30 15:16:59'),(64,27,'2016-11-30 15:57:09'),(64,27,'2016-11-30 15:57:21'),(83,27,'2016-12-07 11:50:58'),(83,27,'2016-12-07 12:30:26'),(83,27,'2016-12-13 11:08:50'),(83,27,'2016-12-13 15:10:03'),(83,27,'2016-12-13 15:15:57'),(83,27,'2017-01-11 17:02:26'),(83,27,'2017-01-11 17:21:14'),(83,27,'2017-01-11 17:38:37'),(89,27,'2016-12-07 11:50:19'),(93,27,'2016-12-07 12:37:54'),(93,27,'2016-12-07 12:53:18'),(93,27,'2016-12-07 12:53:21'),(56,38,'2016-11-23 12:46:40'),(56,38,'2016-11-23 15:56:00'),(56,38,'2016-11-29 12:11:23'),(64,38,'2016-11-30 15:09:47'),(64,38,'2016-11-30 15:09:52'),(64,38,'2016-11-30 15:16:32'),(64,38,'2016-11-30 15:57:06'),(64,38,'2016-12-01 12:50:56'),(64,38,'2016-12-01 12:51:59'),(83,38,'2016-12-07 11:48:54'),(83,38,'2016-12-07 11:50:56'),(83,38,'2016-12-07 12:30:21'),(83,38,'2016-12-09 13:10:48'),(83,38,'2016-12-09 13:19:07'),(83,38,'2016-12-09 13:30:23'),(83,38,'2016-12-13 11:07:02'),(83,38,'2016-12-13 11:07:13'),(83,38,'2016-12-13 11:07:46'),(83,38,'2016-12-13 11:08:02'),(83,38,'2016-12-13 11:08:10'),(83,38,'2016-12-13 11:08:39'),(83,38,'2016-12-13 15:06:28'),(83,38,'2016-12-13 15:07:38'),(83,38,'2016-12-13 15:08:20'),(83,38,'2016-12-13 15:09:59'),(83,38,'2016-12-13 15:15:54'),(83,38,'2017-01-11 17:02:14'),(83,38,'2017-01-11 17:21:11'),(83,38,'2017-01-11 17:38:35'),(83,38,'2017-02-16 17:45:32'),(89,38,'2016-12-07 11:50:11'),(93,38,'2016-12-07 12:37:43'),(93,38,'2016-12-07 12:53:26'),(64,42,'2016-11-30 15:57:11'),(64,42,'2016-11-30 15:57:17'),(64,42,'2016-11-30 15:57:20'),(64,42,'2016-11-30 15:57:23'),(83,42,'2016-12-07 11:50:59'),(83,42,'2016-12-07 12:30:27'),(83,42,'2016-12-13 11:08:51'),(83,42,'2016-12-13 15:10:05'),(83,42,'2016-12-13 15:15:59'),(83,42,'2017-01-11 17:02:29'),(83,42,'2017-01-11 17:21:15'),(83,42,'2017-01-11 17:38:38'),(89,42,'2016-12-07 11:50:21'),(93,42,'2016-12-07 12:37:56'),(93,42,'2016-12-07 12:53:19'),(64,50,'2016-11-30 15:29:29'),(64,50,'2016-11-30 15:31:26'),(64,50,'2016-11-30 15:37:00'),(64,50,'2016-11-30 15:43:03'),(64,50,'2016-11-30 15:50:55'),(64,50,'2016-11-30 15:57:15'),(64,50,'2016-11-30 15:57:19'),(64,50,'2016-11-30 15:57:27'),(83,50,'2016-12-07 11:51:01'),(83,50,'2016-12-13 15:10:08'),(89,50,'2016-12-07 11:50:24'),(93,50,'2016-12-07 12:38:01'),(71,70,'2016-12-05 16:13:40'),(71,70,'2017-01-11 17:34:24'),(71,70,'2017-01-11 17:34:55'),(71,70,'2017-01-12 10:14:39'),(71,70,'2017-01-12 11:03:17'),(71,70,'2017-01-12 12:39:43'),(71,70,'2017-01-12 12:40:39'),(71,70,'2017-01-16 10:53:48'),(71,70,'2017-01-16 10:57:43'),(71,70,'2017-01-24 09:12:11'),(71,70,'2017-01-27 11:47:28'),(71,70,'2017-02-27 11:13:57'),(71,70,'2017-02-27 11:14:19'),(71,70,'2017-03-09 08:33:52'),(71,70,'2017-03-09 08:34:02'),(79,70,'2016-12-05 16:15:01'),(79,70,'2017-03-14 11:16:17'),(594,70,'2017-02-27 11:45:25'),(594,70,'2017-02-27 11:45:31'),(595,70,'2017-02-27 11:57:13'),(63,72,'2016-11-30 15:01:00'),(63,72,'2016-11-30 15:01:15'),(63,72,'2016-11-30 15:01:28'),(63,72,'2016-11-30 15:01:59'),(63,72,'2016-11-30 15:04:37'),(63,72,'2016-11-30 15:07:19'),(63,72,'2016-11-30 15:07:41'),(71,72,'2016-12-05 15:48:53'),(71,72,'2016-12-05 15:56:37'),(71,72,'2016-12-05 15:57:37'),(71,72,'2016-12-05 16:13:39'),(71,72,'2016-12-28 13:18:24'),(71,72,'2017-01-11 17:01:38'),(71,72,'2017-01-11 17:33:52'),(71,72,'2017-01-11 17:34:21'),(71,72,'2017-01-11 17:34:54'),(71,72,'2017-01-12 10:14:37'),(71,72,'2017-01-12 10:55:46'),(71,72,'2017-01-12 10:58:23'),(71,72,'2017-01-12 11:39:48'),(71,72,'2017-01-12 12:39:38'),(71,72,'2017-01-16 10:53:12'),(71,72,'2017-01-16 10:53:26'),(71,72,'2017-01-16 10:53:40'),(71,72,'2017-01-16 10:57:13'),(71,72,'2017-01-16 10:57:30'),(71,72,'2017-01-16 10:57:39'),(71,72,'2017-01-24 09:11:57'),(71,72,'2017-01-27 10:57:12'),(71,72,'2017-01-27 10:57:24'),(71,72,'2017-01-27 10:58:42'),(71,72,'2017-01-27 10:58:55'),(71,72,'2017-01-27 11:00:15'),(71,72,'2017-01-27 11:39:57'),(71,72,'2017-01-27 11:40:03'),(71,72,'2017-01-27 11:40:10'),(71,72,'2017-02-27 11:13:52'),(71,72,'2017-03-09 08:33:49'),(71,72,'2017-03-09 08:34:00'),(71,72,'2017-03-09 10:56:42'),(79,72,'2016-12-05 16:11:53'),(79,72,'2016-12-05 16:14:58'),(79,72,'2017-03-14 11:16:14'),(489,72,'2017-01-24 17:57:52'),(594,72,'2017-02-27 11:45:05'),(594,72,'2017-02-27 11:45:22'),(594,72,'2017-02-27 11:45:29'),(595,72,'2017-02-27 11:57:10'),(64,73,'2016-11-30 15:09:48'),(64,73,'2016-11-30 15:09:54'),(64,73,'2016-11-30 15:16:42'),(64,73,'2016-11-30 15:57:08'),(83,73,'2016-12-07 11:50:57'),(83,73,'2016-12-07 12:30:25'),(83,73,'2016-12-09 13:10:49'),(83,73,'2016-12-09 13:30:24'),(83,73,'2016-12-13 11:07:04'),(83,73,'2016-12-13 11:07:17'),(83,73,'2016-12-13 11:07:47'),(83,73,'2016-12-13 11:08:04'),(83,73,'2016-12-13 11:08:11'),(83,73,'2016-12-13 11:08:40'),(83,73,'2016-12-13 15:06:30'),(83,73,'2016-12-13 15:07:39'),(83,73,'2016-12-13 15:08:21'),(83,73,'2016-12-13 15:10:00'),(83,73,'2016-12-13 15:15:56'),(83,73,'2017-01-11 17:02:25'),(83,73,'2017-01-11 17:21:13'),(83,73,'2017-01-11 17:38:36'),(83,73,'2017-02-16 17:45:34'),(89,73,'2016-12-07 11:50:13'),(93,73,'2016-12-07 12:37:45'),(93,73,'2016-12-07 12:53:22'),(71,81,'2016-12-05 16:13:41'),(71,81,'2017-01-11 17:34:26'),(71,81,'2017-01-11 17:34:56'),(71,81,'2017-01-12 10:14:41'),(71,81,'2017-01-12 12:40:06'),(71,81,'2017-01-12 12:40:41'),(71,81,'2017-01-16 10:55:38'),(71,81,'2017-01-16 10:57:50'),(71,81,'2017-01-27 10:57:32'),(71,81,'2017-01-27 10:58:00'),(71,81,'2017-01-27 10:58:08'),(71,81,'2017-01-27 11:47:17'),(71,81,'2017-02-27 11:14:18'),(71,81,'2017-02-27 11:14:22'),(79,81,'2016-12-05 16:15:03'),(79,81,'2017-03-14 11:16:26'),(594,81,'2017-02-27 11:45:36'),(595,81,'2017-02-27 11:57:18'),(71,83,'2017-02-27 11:14:24'),(594,83,'2017-02-27 11:45:40'),(595,83,'2017-02-27 11:57:39'),(575,84,'2017-02-22 11:03:15'),(576,84,'2017-02-22 11:04:28'),(576,84,'2017-03-14 11:21:12'),(564,85,'2017-02-21 17:15:40'),(564,85,'2017-02-21 17:16:54'),(564,85,'2017-02-21 17:25:33'),(564,85,'2017-02-21 17:26:22'),(564,85,'2017-02-21 17:29:10'),(564,85,'2017-02-21 17:38:09'),(564,85,'2017-02-21 17:39:02'),(574,85,'2017-02-22 10:01:53'),(499,112,'2017-01-25 16:56:08'),(499,112,'2017-01-25 16:56:48'),(499,112,'2017-01-25 16:57:43'),(499,114,'2017-01-25 16:56:18'),(499,114,'2017-01-25 16:56:22'),(499,114,'2017-01-25 16:56:25'),(499,114,'2017-01-25 16:56:29'),(499,114,'2017-01-25 16:56:34'),(499,114,'2017-01-25 16:56:50'),(499,114,'2017-01-25 16:57:45'),(499,114,'2017-01-25 16:57:49'),(530,131,'2017-02-16 17:53:32'),(530,131,'2017-02-16 18:03:45'),(530,131,'2017-02-16 18:04:27'),(530,131,'2017-02-16 18:06:33'),(530,131,'2017-02-16 18:07:01'),(530,131,'2017-02-16 18:07:45'),(530,131,'2017-02-16 18:11:09'),(530,131,'2017-02-16 18:12:45'),(530,131,'2017-02-17 10:27:29'),(530,131,'2017-02-17 10:31:45'),(530,133,'2017-02-16 17:53:35'),(530,133,'2017-02-16 18:04:35'),(530,133,'2017-02-16 18:06:34'),(530,133,'2017-02-16 18:07:03'),(530,133,'2017-02-16 18:07:46'),(530,133,'2017-02-16 18:07:59'),(530,135,'2017-02-16 18:07:54'),(594,141,'2017-02-27 11:45:45'),(595,141,'2017-02-27 11:57:44'),(575,214,'2017-02-22 11:03:16'),(576,214,'2017-03-14 11:21:28'),(576,214,'2017-03-14 11:21:42'),(575,215,'2017-02-22 11:03:17'),(576,215,'2017-03-14 11:21:31'),(576,215,'2017-03-14 11:21:43'),(575,216,'2017-02-22 11:03:18'),(576,216,'2017-03-14 11:21:49'),(575,217,'2017-02-22 11:03:19'),(576,217,'2017-03-14 11:21:52'),(540,219,'2017-02-21 15:54:02'),(540,219,'2017-02-21 15:54:54'),(540,219,'2017-02-21 15:54:57'),(540,219,'2017-02-21 15:55:02'),(540,219,'2017-02-21 15:55:28'),(540,219,'2017-02-21 15:55:51'),(540,219,'2017-02-21 15:56:42'),(540,219,'2017-02-21 15:57:23'),(540,219,'2017-02-21 15:57:47'),(540,219,'2017-02-21 16:01:39'),(540,219,'2017-02-21 16:07:39'),(540,219,'2017-02-21 16:08:13'),(540,219,'2017-02-21 16:08:43'),(540,219,'2017-02-21 16:09:36'),(540,219,'2017-02-21 16:10:09'),(540,219,'2017-02-21 16:15:38'),(540,219,'2017-02-21 16:16:31'),(540,219,'2017-02-21 16:16:36'),(540,219,'2017-02-21 16:17:28'),(540,219,'2017-02-21 16:19:24'),(540,219,'2017-02-21 16:19:46'),(540,219,'2017-02-21 16:19:57'),(540,219,'2017-02-21 16:20:04'),(540,219,'2017-02-21 16:20:12'),(540,219,'2017-02-21 16:20:58'),(540,219,'2017-02-21 16:22:48'),(540,219,'2017-02-21 16:24:06'),(540,219,'2017-02-21 17:39:50'),(540,219,'2017-02-21 17:40:06'),(540,219,'2017-02-21 17:40:23'),(540,219,'2017-02-22 16:52:49'),(540,219,'2017-02-22 16:53:38'),(540,219,'2017-02-22 16:53:45'),(540,219,'2017-02-22 16:58:24'),(540,219,'2017-02-22 16:58:32'),(540,219,'2017-02-22 16:58:36'),(540,219,'2017-02-22 16:58:50'),(540,219,'2017-02-22 16:59:01'),(540,219,'2017-02-22 16:59:07'),(540,219,'2017-02-22 16:59:59'),(540,219,'2017-02-22 17:00:06'),(540,219,'2017-02-22 17:01:21'),(540,219,'2017-02-22 17:22:29'),(540,219,'2017-02-22 17:22:34'),(540,219,'2017-02-22 17:22:37'),(590,219,'2017-02-22 17:00:56'),(590,219,'2017-02-22 17:00:59'),(540,220,'2017-02-21 15:54:12'),(540,220,'2017-02-21 15:54:55'),(540,220,'2017-02-21 15:55:28'),(540,220,'2017-02-21 15:55:51'),(540,220,'2017-02-21 15:56:42'),(540,220,'2017-02-21 15:57:23'),(540,220,'2017-02-21 15:57:47'),(540,220,'2017-02-21 16:01:39'),(540,220,'2017-02-21 16:08:44'),(540,220,'2017-02-21 16:15:40'),(540,220,'2017-02-21 16:17:32'),(540,220,'2017-02-21 16:19:41'),(540,220,'2017-02-21 16:19:46'),(540,220,'2017-02-21 16:19:57'),(540,220,'2017-02-21 16:20:04'),(540,220,'2017-02-21 16:20:12'),(540,220,'2017-02-21 16:20:58'),(540,220,'2017-02-21 16:23:12'),(540,220,'2017-02-21 16:24:06'),(540,220,'2017-02-21 17:39:50'),(540,220,'2017-02-21 17:40:06'),(540,220,'2017-02-21 17:40:23'),(540,220,'2017-02-22 16:52:53'),(540,220,'2017-02-22 16:53:40'),(540,220,'2017-02-22 16:58:27'),(540,220,'2017-02-22 16:58:34'),(540,220,'2017-02-22 16:58:36'),(540,220,'2017-02-22 16:58:50'),(540,220,'2017-02-22 16:59:01'),(540,220,'2017-02-22 16:59:07'),(540,220,'2017-02-22 16:59:59'),(540,220,'2017-02-22 17:00:06'),(540,220,'2017-02-22 17:01:21'),(540,220,'2017-02-22 17:22:31'),(540,220,'2017-02-22 17:22:34'),(540,220,'2017-02-22 17:22:38'),(540,220,'2017-02-22 17:22:41'),(590,220,'2017-02-22 17:00:57'),(590,220,'2017-02-22 17:01:00'),(540,221,'2017-02-21 15:54:12'),(540,221,'2017-02-21 15:55:28'),(540,221,'2017-02-21 15:55:51'),(540,221,'2017-02-21 15:56:42'),(540,221,'2017-02-21 15:57:23'),(540,221,'2017-02-21 15:57:47'),(540,221,'2017-02-21 16:01:39'),(540,221,'2017-02-21 16:08:46'),(540,221,'2017-02-21 16:19:46'),(540,221,'2017-02-21 16:19:57'),(540,221,'2017-02-21 16:20:04'),(540,221,'2017-02-21 16:20:12'),(540,221,'2017-02-21 16:20:58'),(540,221,'2017-02-21 16:23:12'),(540,221,'2017-02-21 16:24:06'),(540,221,'2017-02-21 17:39:50'),(540,221,'2017-02-21 17:40:06'),(540,221,'2017-02-21 17:40:23'),(540,221,'2017-02-22 16:58:36'),(540,221,'2017-02-22 16:58:50'),(540,221,'2017-02-22 16:59:01'),(540,221,'2017-02-22 16:59:07'),(540,221,'2017-02-22 17:00:00'),(540,221,'2017-02-22 17:00:06'),(540,221,'2017-02-22 17:01:21'),(540,221,'2017-02-22 17:22:34'),(540,221,'2017-02-22 17:22:40'),(590,221,'2017-02-22 17:01:00'),(540,222,'2017-02-21 15:54:12'),(540,222,'2017-02-21 15:55:28'),(540,222,'2017-02-21 15:55:51'),(540,222,'2017-02-21 15:56:42'),(540,222,'2017-02-21 15:57:23'),(540,222,'2017-02-21 15:57:47'),(540,222,'2017-02-21 16:01:39'),(540,222,'2017-02-21 16:08:47'),(540,222,'2017-02-21 16:19:46'),(540,222,'2017-02-21 16:19:57'),(540,222,'2017-02-21 16:20:04'),(540,222,'2017-02-21 16:20:12'),(540,222,'2017-02-21 16:20:58'),(540,222,'2017-02-21 16:23:12'),(540,222,'2017-02-21 16:24:06'),(540,222,'2017-02-21 17:39:50'),(540,222,'2017-02-21 17:40:07'),(540,222,'2017-02-21 17:40:24'),(540,222,'2017-02-22 16:58:36'),(540,222,'2017-02-22 16:58:50'),(540,222,'2017-02-22 16:59:01'),(540,222,'2017-02-22 16:59:07'),(540,222,'2017-02-22 17:00:00'),(540,222,'2017-02-22 17:00:06'),(540,222,'2017-02-22 17:01:21'),(540,222,'2017-02-22 17:22:34'),(590,222,'2017-02-22 17:01:00'),(540,223,'2017-02-21 15:54:12'),(540,223,'2017-02-21 15:55:28'),(540,223,'2017-02-21 15:55:51'),(540,223,'2017-02-21 15:56:42'),(540,223,'2017-02-21 15:57:23'),(540,223,'2017-02-21 15:57:47'),(540,223,'2017-02-21 16:01:39'),(540,223,'2017-02-21 16:08:47'),(540,223,'2017-02-21 16:19:46'),(540,223,'2017-02-21 16:19:57'),(540,223,'2017-02-21 16:20:04'),(540,223,'2017-02-21 16:20:12'),(540,223,'2017-02-21 16:20:58'),(540,223,'2017-02-21 16:23:12'),(540,223,'2017-02-21 16:24:06'),(540,223,'2017-02-21 17:39:50'),(540,223,'2017-02-21 17:40:07'),(540,223,'2017-02-21 17:40:24'),(540,223,'2017-02-22 16:58:36'),(540,223,'2017-02-22 16:58:50'),(540,223,'2017-02-22 16:59:01'),(540,223,'2017-02-22 16:59:07'),(540,223,'2017-02-22 17:00:00'),(540,223,'2017-02-22 17:00:06'),(540,223,'2017-02-22 17:01:21'),(540,223,'2017-02-22 17:22:34'),(590,223,'2017-02-22 17:01:00'),(540,224,'2017-02-21 15:54:12'),(540,224,'2017-02-21 15:55:28'),(540,224,'2017-02-21 15:55:51'),(540,224,'2017-02-21 15:56:42'),(540,224,'2017-02-21 15:57:23'),(540,224,'2017-02-21 15:57:47'),(540,224,'2017-02-21 16:01:39'),(540,224,'2017-02-21 16:08:49'),(540,224,'2017-02-21 16:19:46'),(540,224,'2017-02-21 16:19:57'),(540,224,'2017-02-21 16:20:04'),(540,224,'2017-02-21 16:20:13'),(540,224,'2017-02-21 16:20:58'),(540,224,'2017-02-21 16:23:12'),(540,224,'2017-02-21 16:24:06'),(540,224,'2017-02-21 17:39:50'),(540,224,'2017-02-21 17:40:07'),(540,224,'2017-02-21 17:40:24'),(540,224,'2017-02-22 16:58:36'),(540,224,'2017-02-22 16:58:50'),(540,224,'2017-02-22 16:59:01'),(540,224,'2017-02-22 16:59:07'),(540,224,'2017-02-22 17:00:00'),(540,224,'2017-02-22 17:00:06'),(540,224,'2017-02-22 17:01:21'),(540,224,'2017-02-22 17:22:34'),(590,224,'2017-02-22 17:01:00'),(540,225,'2017-02-21 15:54:17'),(540,225,'2017-02-21 15:55:51'),(540,225,'2017-02-21 15:56:42'),(540,225,'2017-02-21 15:57:23'),(540,225,'2017-02-21 15:57:47'),(540,225,'2017-02-21 16:01:39'),(540,225,'2017-02-21 16:08:51'),(540,225,'2017-02-21 16:19:46'),(540,225,'2017-02-21 16:19:57'),(540,225,'2017-02-21 16:20:04'),(540,225,'2017-02-21 16:20:13'),(540,225,'2017-02-21 16:20:58'),(540,225,'2017-02-21 16:23:12'),(540,225,'2017-02-21 16:24:06'),(540,225,'2017-02-21 17:39:50'),(540,225,'2017-02-21 17:40:07'),(540,225,'2017-02-21 17:40:27'),(540,225,'2017-02-22 16:58:36'),(540,225,'2017-02-22 16:58:50'),(540,225,'2017-02-22 16:59:01'),(540,225,'2017-02-22 16:59:07'),(540,225,'2017-02-22 17:00:00'),(540,225,'2017-02-22 17:00:06'),(540,225,'2017-02-22 17:01:21'),(540,225,'2017-02-22 17:22:34'),(590,225,'2017-02-22 17:01:00'),(564,227,'2017-02-21 17:15:40'),(564,227,'2017-02-21 17:18:45'),(564,227,'2017-02-21 17:25:33'),(564,227,'2017-02-21 17:26:25'),(564,227,'2017-02-21 17:29:30'),(564,227,'2017-02-21 17:38:21'),(564,227,'2017-02-21 17:39:03'),(574,227,'2017-02-22 10:01:56'),(578,228,'2017-02-22 12:38:24'),(579,228,'2017-02-22 12:48:13'),(579,230,'2017-02-22 12:48:19'),(594,234,'2017-02-27 11:45:45'),(595,234,'2017-02-27 11:57:44'),(597,244,'2017-02-27 16:57:52'),(597,244,'2017-02-27 17:07:07'),(597,244,'2017-02-27 17:09:15'),(597,244,'2017-02-28 11:56:03'),(598,244,'2017-02-27 18:14:19'),(599,244,'2017-02-27 18:21:13'),(600,244,'2017-02-28 15:41:08'),(601,244,'2017-03-14 11:26:11'),(602,244,'2017-03-14 11:50:39'),(596,245,'2017-02-27 12:49:44'),(596,245,'2017-02-27 12:50:12'),(596,245,'2017-02-27 12:50:34'),(596,246,'2017-02-27 12:50:17'),(596,246,'2017-02-27 12:50:37'),(596,247,'2017-02-27 12:50:23'),(596,247,'2017-02-27 12:50:52'),(596,248,'2017-02-27 12:50:26'),(596,248,'2017-02-27 12:50:54'),(597,249,'2017-02-27 17:07:06'),(597,249,'2017-02-27 17:07:20'),(597,249,'2017-02-27 17:08:12'),(597,249,'2017-02-27 17:09:04'),(597,249,'2017-02-27 17:09:09'),(597,249,'2017-02-27 17:09:23'),(597,249,'2017-02-27 17:15:19'),(597,249,'2017-02-27 17:16:18'),(597,249,'2017-02-27 17:18:08'),(597,249,'2017-02-27 17:22:26'),(597,249,'2017-02-27 17:22:41'),(597,249,'2017-02-27 17:25:07'),(597,249,'2017-02-27 17:31:39'),(597,249,'2017-02-27 17:32:16'),(597,249,'2017-02-27 17:32:23'),(597,249,'2017-02-27 17:43:20'),(597,249,'2017-02-27 17:43:28'),(597,249,'2017-02-27 17:43:35'),(597,249,'2017-02-27 17:45:12'),(597,249,'2017-02-27 17:45:24'),(597,249,'2017-02-28 11:37:58'),(597,249,'2017-02-28 11:56:09'),(597,249,'2017-03-14 11:25:06'),(598,249,'2017-02-27 18:14:31'),(598,249,'2017-02-27 18:14:39'),(599,249,'2017-02-27 18:21:33'),(600,249,'2017-02-28 15:41:17'),(602,249,'2017-03-14 11:50:45'),(597,250,'2017-02-27 17:07:22'),(597,250,'2017-02-27 17:08:13'),(597,250,'2017-02-27 17:09:06'),(597,250,'2017-02-27 17:09:40'),(597,250,'2017-02-27 17:15:20'),(597,250,'2017-02-27 17:16:19'),(597,250,'2017-02-27 17:18:09'),(597,250,'2017-02-27 17:22:33'),(597,250,'2017-02-27 17:22:44'),(597,250,'2017-02-27 17:25:08'),(597,250,'2017-02-27 17:31:40'),(597,250,'2017-02-27 17:32:17'),(597,250,'2017-02-27 17:32:24'),(597,250,'2017-02-27 17:43:21'),(597,250,'2017-02-27 17:43:29'),(597,250,'2017-02-27 17:43:37'),(597,250,'2017-02-27 17:45:13'),(597,250,'2017-02-27 17:45:25'),(597,250,'2017-02-28 11:56:12'),(597,250,'2017-03-14 11:25:11'),(598,250,'2017-02-27 18:14:33'),(598,250,'2017-02-27 18:14:40'),(599,250,'2017-02-27 18:21:34'),(600,250,'2017-02-28 15:41:27'),(602,250,'2017-03-14 11:51:07'),(71,251,'2017-03-09 10:12:28'),(71,251,'2017-03-09 10:12:41'),(71,251,'2017-03-09 10:12:57'),(71,251,'2017-03-09 10:27:29'),(71,251,'2017-03-09 10:28:18'),(71,251,'2017-03-09 10:30:52'),(71,251,'2017-03-09 10:31:23'),(71,251,'2017-03-09 10:31:33'),(71,251,'2017-03-09 10:31:51'),(71,251,'2017-03-09 10:32:03'),(71,251,'2017-03-09 10:56:25'),(71,251,'2017-03-09 10:56:57'),(71,251,'2017-03-09 10:59:16'),(71,251,'2017-03-09 11:00:01'),(71,251,'2017-03-09 11:00:29'),(71,251,'2017-03-09 11:02:42'),(71,251,'2017-03-09 11:03:34'),(71,251,'2017-03-09 13:21:50'),(71,251,'2017-03-09 16:18:56'),(71,251,'2017-03-09 17:31:28'),(71,251,'2017-03-10 09:13:11'),(71,251,'2017-03-10 10:21:56'),(71,251,'2017-03-10 10:45:13'),(71,251,'2017-03-10 10:48:31'),(71,251,'2017-03-10 10:51:19'),(71,251,'2017-03-13 11:55:48'),(71,251,'2017-03-13 12:12:01'),(71,251,'2017-03-13 12:13:33'),(71,251,'2017-03-13 12:13:52'),(71,251,'2017-03-13 13:27:10'),(71,251,'2017-03-13 13:27:23'),(79,251,'2017-03-14 11:15:43'),(597,253,'2017-03-14 11:25:08'),(602,253,'2017-03-14 11:51:03');
/*!40000 ALTER TABLE `anonimouspages` ENABLE KEYS */;
UNLOCK TABLES;

--
-- Table structure for table `anonimousresponse`
--

DROP TABLE IF EXISTS `anonimousresponse`;
/*!40101 SET @saved_cs_client     = @@character_set_client */;
/*!40101 SET character_set_client = utf8 */;
CREATE TABLE `anonimousresponse` (
  `idAnonimousUser` int(11) NOT NULL,
  `idResponse` int(11) NOT NULL,
  PRIMARY KEY (`idAnonimousUser`,`idResponse`),
  KEY `fk_AnonimousResponse_Responses1_idx` (`idResponse`),
  CONSTRAINT `fk_AnonimousResponse_AnonimousUser1` FOREIGN KEY (`idAnonimousUser`) REFERENCES `anonimoususer` (`idAnonimousUser`) ON DELETE NO ACTION ON UPDATE NO ACTION,
  CONSTRAINT `fk_AnonimousResponse_Responses1` FOREIGN KEY (`idResponse`) REFERENCES `responses` (`idResponse`) ON DELETE CASCADE ON UPDATE CASCADE
) ENGINE=InnoDB DEFAULT CHARSET=utf8;
/*!40101 SET character_set_client = @saved_cs_client */;

--
-- Dumping data for table `anonimousresponse`
--

LOCK TABLES `anonimousresponse` WRITE;
/*!40000 ALTER TABLE `anonimousresponse` DISABLE KEYS */;
INSERT INTO `anonimousresponse` VALUES (13,138),(13,139),(12,140),(12,141),(12,142),(12,143),(14,144),(15,145),(16,146),(17,147),(17,148),(17,149),(17,153),(18,154),(19,187),(19,209),(19,210),(19,211),(19,212),(19,213),(19,214),(20,244),(20,245),(20,246),(20,247),(22,248),(22,249),(22,250),(21,252),(21,253),(21,254),(23,261),(23,262),(23,263),(24,264),(24,265),(24,266),(25,267),(25,268),(25,269),(25,270),(25,271),(26,276),(26,277),(26,278),(26,279),(27,280),(27,281),(28,286),(28,287),(29,289),(29,290),(30,291),(31,307),(31,308),(31,309),(31,310),(32,311),(33,317),(33,318),(33,319),(33,320),(33,321),(33,322),(34,323),(34,324),(35,348),(35,349),(35,350),(35,351),(36,366),(36,367),(36,368),(36,369),(36,370),(36,371),(36,372),(36,373),(37,374),(37,375),(37,376),(37,377),(37,378),(37,379),(37,380),(37,381),(38,382),(38,383),(38,384),(38,385),(39,386),(39,387),(39,388),(39,401),(39,402),(39,403),(43,404),(44,432),(44,433),(44,434),(44,435),(44,436),(44,437),(44,438),(45,442),(47,503),(47,504),(47,505),(47,506),(50,513),(50,514),(50,515),(55,525),(55,526),(46,527),(46,528),(46,529),(46,530),(46,531),(48,538),(48,539),(48,540),(57,541),(58,542),(59,543),(60,544),(61,555),(61,556),(61,557),(61,570),(61,571),(61,572),(61,573),(61,574),(56,679),(56,680),(56,681),(56,710),(56,711),(56,712),(56,713),(56,717),(56,718),(56,719),(63,753),(63,754),(63,755),(63,756),(63,757),(63,758),(64,819),(64,827),(64,828),(64,829),(64,830),(64,831),(64,840),(64,841),(64,842),(64,843),(64,844),(66,845),(67,846),(68,847),(63,848),(63,849),(63,850),(79,896),(79,900),(86,903),(89,907),(89,908),(89,909),(89,910),(89,911),(89,912),(89,913),(89,914),(89,915),(89,916),(89,917),(93,927),(93,928),(93,929),(93,937),(93,938),(93,941),(93,942),(93,943),(93,944),(93,945),(93,946),(83,1220),(83,1221),(263,1224),(71,1229),(499,1287),(83,1370),(83,1371),(83,1372),(83,1373),(83,1374),(83,1375),(83,1376),(530,1386),(530,1387),(541,1392),(541,1393),(542,1397),(542,1398),(543,1399),(543,1400),(544,1401),(544,1402),(545,1403),(545,1404),(546,1405),(547,1406),(548,1407),(549,1408),(550,1409),(550,1410),(551,1413),(552,1414),(553,1415),(554,1417),(555,1418),(556,1419),(557,1421),(558,1424),(559,1425),(560,1426),(561,1427),(562,1428),(563,1429),(564,1430),(565,1431),(566,1432),(567,1433),(568,1435),(569,1437),(570,1439),(564,1440),(571,1441),(572,1442),(573,1443),(540,1444),(574,1445),(574,1446),(575,1447),(575,1448),(575,1449),(578,1450),(578,1451),(578,1452),(579,1453),(579,1454),(579,1455),(579,1456),(580,1457),(581,1459),(582,1461),(583,1462),(584,1464),(585,1467),(586,1468),(587,1469),(588,1470),(589,1471),(589,1472),(590,1474),(591,1475),(540,1479),(540,1481),(71,1496),(71,1497),(594,1510),(594,1511),(594,1512),(594,1513),(594,1514),(594,1515),(594,1516),(594,1517),(594,1518),(594,1519),(594,1520),(594,1521),(594,1522),(595,1527),(595,1528),(595,1529),(595,1530),(595,1531),(595,1532),(595,1533),(595,1534),(595,1535),(595,1536),(595,1537),(595,1538),(595,1539),(595,1540),(595,1541),(596,1551),(596,1552),(596,1553),(596,1554),(596,1555),(596,1556),(596,1557),(596,1558),(598,1618),(598,1619),(598,1620),(599,1621),(599,1622),(599,1623),(600,1630),(600,1631),(600,1632),(600,1633),(71,1650),(71,1729),(71,1730),(71,1731),(71,1732),(71,1733),(71,2306),(71,2307),(71,2308),(71,2309),(71,2310),(71,2311),(71,2312),(71,2313),(79,2322),(79,2323),(79,2324),(79,2325),(79,2326),(79,2327),(79,2328),(79,2329),(79,2330),(79,2331),(79,2332),(79,2333),(79,2334),(79,2335),(79,2336),(576,2337),(576,2338),(576,2339),(576,2340),(576,2341),(576,2342),(576,2343),(576,2344),(576,2350),(576,2351),(576,2352),(576,2353),(576,2354),(576,2355),(576,2356),(576,2357),(576,2358),(597,2359),(597,2360),(597,2361),(597,2362),(597,2363),(597,2364),(602,2365),(602,2366),(602,2367),(602,2368),(602,2369),(602,2370);
/*!40000 ALTER TABLE `anonimousresponse` ENABLE KEYS */;
UNLOCK TABLES;

--
-- Table structure for table `anonimoususer`
--

DROP TABLE IF EXISTS `anonimoususer`;
/*!40101 SET @saved_cs_client     = @@character_set_client */;
/*!40101 SET character_set_client = utf8 */;
CREATE TABLE `anonimoususer` (
  `idAnonimousUser` int(11) NOT NULL AUTO_INCREMENT,
  `createDate` timestamp NOT NULL DEFAULT CURRENT_TIMESTAMP,
  `idQuestionnaire` int(11) DEFAULT NULL,
  `ipAddres` varchar(45) NOT NULL DEFAULT '0',
  `currentPage` int(11) NOT NULL DEFAULT '1',
  `finished` tinyint(4) NOT NULL DEFAULT '0',
  `testUser` tinyint(4) NOT NULL DEFAULT '0',
  PRIMARY KEY (`idAnonimousUser`),
  KEY `fk_AnonimousUser_Questionnaire1_idx` (`idQuestionnaire`),
  CONSTRAINT `fk_AnonimousUser_Questionnaire1` FOREIGN KEY (`idQuestionnaire`) REFERENCES `questionnaire` (`idQuestionnaire`) ON DELETE NO ACTION ON UPDATE NO ACTION
) ENGINE=InnoDB AUTO_INCREMENT=603 DEFAULT CHARSET=utf8;
/*!40101 SET character_set_client = @saved_cs_client */;

--
-- Dumping data for table `anonimoususer`
--

LOCK TABLES `anonimoususer` WRITE;
/*!40000 ALTER TABLE `anonimoususer` DISABLE KEYS */;
INSERT INTO `anonimoususer` VALUES (12,'2016-10-05 14:26:51',3,'192.0.0.1',5,1,0),(13,'2016-10-05 14:27:51',4,'192.0.0.1',5,1,0),(14,'2016-10-05 17:15:21',3,'192.0.0.2',5,1,0),(15,'2016-10-05 17:16:44',3,'192.0.0.3',6,1,0),(16,'2016-10-06 10:10:54',3,'192.0.0.4',5,1,0),(17,'2016-10-06 14:52:26',3,'192.0.0.5',5,1,0),(18,'2016-10-06 14:59:31',4,'192.168.0.1',3,1,0),(19,'2016-10-06 18:15:49',3,'192.168.0.6',5,1,0),(20,'2016-10-07 09:24:17',3,'192.168.0.1',2,0,0),(21,'2016-10-07 13:19:30',5,'192.168.0.1',4,1,0),(22,'2016-10-07 13:21:11',6,'192.168.0.1',4,1,0),(23,'2016-10-10 11:44:24',5,'192.168.0.2',4,1,0),(24,'2016-10-10 11:45:44',5,'192.168.0.3',4,1,0),(25,'2016-10-10 11:49:07',5,'192.168.0.4',5,1,0),(26,'2016-10-10 12:17:24',5,'192.168.0.5',5,1,0),(27,'2016-10-10 12:20:23',5,'192.168.0.6',5,1,0),(28,'2016-10-10 12:22:22',5,'192.168.0.7',5,1,0),(29,'2016-10-10 14:02:10',5,'192.168.0.8',5,1,0),(30,'2016-10-10 17:33:26',5,'192.168.0.9',5,1,0),(31,'2016-10-10 17:34:59',5,'s',2,0,0),(32,'2016-10-13 09:49:22',4,'s',3,1,0),(33,'2016-10-13 10:42:15',4,'192.168.0.2',3,1,0),(34,'2016-10-14 11:04:00',4,'s',3,1,0),(35,'2016-10-14 11:06:59',4,'192.168.0.3',4,1,0),(36,'2016-10-14 13:04:55',4,'192.168.0.4',4,1,0),(37,'2016-10-14 13:59:54',4,'192.168.0.5',4,1,0),(38,'2016-10-17 10:09:11',4,'192.168.0.6',4,1,0),(39,'2016-10-17 10:13:05',3,'192.168.0.2',4,1,0),(40,'2016-10-17 11:03:31',3,'192.168.0.3',4,0,0),(41,'2016-10-17 11:03:33',3,'192.168.0.4',4,0,0),(42,'2016-10-17 11:03:49',3,'192.168.0.5',4,0,0),(43,'2016-10-17 14:49:38',3,'192.168.0.6',2,0,0),(44,'2016-10-17 14:58:06',4,'192.168.0.6',2,0,0),(45,'2016-10-17 15:48:43',4,'192.168.0.7',2,0,0),(46,'2016-10-17 15:57:47',4,'192.168.0.10',4,1,0),(47,'2016-10-18 10:33:08',5,'192.168.0.8',6,1,0),(48,'2016-10-18 12:02:59',4,'1',2,0,0),(49,'2016-10-18 12:03:10',4,'2',3,0,0),(50,'2016-10-18 12:04:02',4,'3',2,0,0),(51,'2016-10-18 12:05:43',4,'4',3,0,0),(52,'2016-10-18 12:08:58',4,'5',3,0,0),(53,'2016-10-18 12:09:30',4,'192.168.0.9',3,0,0),(54,'2016-10-18 12:34:00',4,'192.168.0.8',3,0,0),(55,'2016-10-20 07:58:04',3,'192.168.0.8',3,0,0),(56,'2016-10-26 14:50:43',4,'192.168.0.9',5,0,0),(57,'2016-11-08 13:28:46',NULL,'0',1,0,0),(58,'2016-11-08 15:20:24',NULL,'0',1,0,0),(59,'2016-11-08 15:20:30',NULL,'0',1,0,0),(60,'2016-11-08 15:23:46',NULL,'0',1,0,0),(61,'2016-11-10 10:20:10',3,'192.168.0.10',5,1,0),(62,'2016-11-21 12:34:57',4,'10.201.191.189',2,0,0),(63,'2016-11-30 15:00:52',3,'10.201.191.189',2,1,0),(64,'2016-11-30 15:09:33',4,'10.201.191.189',3,1,0),(65,'2016-12-01 13:10:45',4,'127.0.0.1',2,0,0),(66,'2016-12-01 16:10:17',NULL,'0',1,0,0),(67,'2016-12-01 17:19:25',NULL,'0',1,0,0),(68,'2016-12-01 17:23:59',NULL,'10.201.191.189',1,0,0),(69,'2016-12-05 14:09:23',3,'10.201.191.189',1,0,0),(70,'2016-12-05 14:09:29',3,'10.201.191.189',1,0,0),(71,'2016-12-05 15:47:57',3,'0:0:0:0:0:0:0:1',2,1,1),(72,'2016-12-05 15:55:57',3,'0:0:0:0:0:0:0:1',1,0,1),(73,'2016-12-05 15:56:06',3,'0:0:0:0:0:0:0:1',1,0,1),(74,'2016-12-05 15:57:10',3,'0:0:0:0:0:0:0:1',1,0,1),(75,'2016-12-05 15:57:20',3,'0:0:0:0:0:0:0:1',1,0,1),(76,'2016-12-05 16:08:51',3,'0:0:0:0:0:0:0:1',1,0,1),(77,'2016-12-05 16:09:55',3,'0:0:0:0:0:0:0:1',1,0,1),(78,'2016-12-05 16:10:58',3,'0:0:0:0:0:0:0:1',1,0,1),(79,'2016-12-05 16:11:15',3,'0:0:0:0:0:0:0:1',-1,1,0),(80,'2016-12-05 16:13:00',3,'0:0:0:0:0:0:0:1',1,0,1),(81,'2016-12-05 16:13:32',3,'0:0:0:0:0:0:0:1',1,0,1),(82,'2016-12-05 16:15:28',3,'0:0:0:0:0:0:0:1',1,0,1),(83,'2016-12-05 16:38:30',4,'0:0:0:0:0:0:0:1',3,1,1),(84,'2016-12-05 16:38:34',4,'0:0:0:0:0:0:0:1',1,0,1),(85,'2016-12-05 16:38:43',4,'0:0:0:0:0:0:0:1',1,0,1),(86,'2016-12-05 16:45:52',NULL,'0',1,0,0),(87,'2016-12-05 17:29:10',4,'0:0:0:0:0:0:0:1',1,0,1),(88,'2016-12-07 11:48:43',4,'0:0:0:0:0:0:0:1',1,0,1),(89,'2016-12-07 11:49:20',4,'0',8,1,0),(90,'2016-12-07 11:50:46',4,'0:0:0:0:0:0:0:1',1,0,1),(91,'2016-12-07 12:15:40',4,'0:0:0:0:0:0:0:1',1,0,1),(92,'2016-12-07 12:30:11',4,'0:0:0:0:0:0:0:1',1,0,1),(93,'2016-12-07 12:37:14',4,'0:0:0:0:0:0:0:1',4,1,0),(94,'2016-12-09 11:46:18',4,'0:0:0:0:0:0:0:1',1,0,1),(95,'2016-12-09 13:10:40',4,'0:0:0:0:0:0:0:1',1,0,1),(96,'2016-12-09 13:14:39',4,'0:0:0:0:0:0:0:1',1,0,1),(97,'2016-12-09 13:15:00',4,'0:0:0:0:0:0:0:1',1,0,1),(98,'2016-12-09 13:18:14',4,'0:0:0:0:0:0:0:1',1,0,1),(99,'2016-12-09 13:26:19',4,'0:0:0:0:0:0:0:1',1,0,1),(100,'2016-12-09 13:26:40',4,'0:0:0:0:0:0:0:1',1,0,1),(101,'2016-12-09 13:28:23',4,'0:0:0:0:0:0:0:1',1,0,1),(102,'2016-12-09 13:30:01',4,'0:0:0:0:0:0:0:1',1,0,1),(103,'2016-12-09 13:38:17',4,'0:0:0:0:0:0:0:1',1,0,1),(104,'2016-12-09 13:42:50',4,'0:0:0:0:0:0:0:1',1,0,1),(105,'2016-12-09 13:45:17',4,'0:0:0:0:0:0:0:1',1,0,1),(106,'2016-12-09 13:45:55',4,'0:0:0:0:0:0:0:1',1,0,1),(107,'2016-12-09 13:47:17',4,'0:0:0:0:0:0:0:1',1,0,1),(108,'2016-12-09 13:47:53',4,'0:0:0:0:0:0:0:1',1,0,1),(109,'2016-12-09 13:49:07',4,'0:0:0:0:0:0:0:1',1,0,1),(110,'2016-12-09 13:51:53',4,'0:0:0:0:0:0:0:1',1,0,1),(111,'2016-12-12 11:02:14',4,'0:0:0:0:0:0:0:1',1,0,1),(112,'2016-12-12 11:06:02',4,'0:0:0:0:0:0:0:1',1,0,1),(113,'2016-12-12 11:06:24',4,'0:0:0:0:0:0:0:1',1,0,1),(114,'2016-12-12 13:05:58',4,'0:0:0:0:0:0:0:1',1,0,1),(115,'2016-12-12 13:06:39',4,'0:0:0:0:0:0:0:1',1,0,1),(116,'2016-12-12 13:08:08',4,'0:0:0:0:0:0:0:1',1,0,1),(117,'2016-12-12 13:08:40',4,'0:0:0:0:0:0:0:1',1,0,1),(118,'2016-12-12 13:14:32',4,'0:0:0:0:0:0:0:1',1,0,1),(119,'2016-12-12 13:17:59',4,'0:0:0:0:0:0:0:1',1,0,1),(120,'2016-12-12 13:18:46',4,'0:0:0:0:0:0:0:1',1,0,1),(121,'2016-12-12 13:20:11',4,'0:0:0:0:0:0:0:1',1,0,1),(122,'2016-12-12 13:23:39',4,'0:0:0:0:0:0:0:1',1,0,1),(123,'2016-12-12 13:24:31',4,'0:0:0:0:0:0:0:1',1,0,1),(124,'2016-12-12 13:25:27',4,'0:0:0:0:0:0:0:1',1,0,1),(125,'2016-12-12 13:25:50',4,'0:0:0:0:0:0:0:1',1,0,1),(126,'2016-12-12 15:41:30',4,'0:0:0:0:0:0:0:1',1,0,1),(127,'2016-12-12 15:41:58',4,'0:0:0:0:0:0:0:1',1,0,1),(128,'2016-12-12 15:44:40',4,'0:0:0:0:0:0:0:1',1,0,1),(129,'2016-12-12 15:53:26',4,'0:0:0:0:0:0:0:1',1,0,1),(130,'2016-12-12 15:59:28',4,'0:0:0:0:0:0:0:1',1,0,1),(131,'2016-12-12 15:59:53',4,'0:0:0:0:0:0:0:1',1,0,1),(132,'2016-12-12 16:00:21',4,'0:0:0:0:0:0:0:1',1,0,1),(133,'2016-12-12 16:01:26',4,'0:0:0:0:0:0:0:1',1,0,1),(134,'2016-12-12 16:12:10',4,'0:0:0:0:0:0:0:1',1,0,1),(135,'2016-12-12 16:12:46',4,'0:0:0:0:0:0:0:1',1,0,1),(136,'2016-12-12 16:13:11',4,'0:0:0:0:0:0:0:1',1,0,1),(137,'2016-12-12 16:15:25',4,'0:0:0:0:0:0:0:1',1,0,1),(138,'2016-12-12 16:35:19',4,'0:0:0:0:0:0:0:1',1,0,1),(139,'2016-12-12 16:39:02',4,'0:0:0:0:0:0:0:1',1,0,1),(140,'2016-12-12 16:42:10',4,'0:0:0:0:0:0:0:1',1,0,1),(141,'2016-12-12 16:48:24',4,'0:0:0:0:0:0:0:1',1,0,1),(142,'2016-12-12 17:19:57',4,'0:0:0:0:0:0:0:1',1,0,1),(143,'2016-12-12 17:20:33',4,'0:0:0:0:0:0:0:1',1,0,1),(144,'2016-12-12 17:22:07',4,'0:0:0:0:0:0:0:1',1,0,1),(145,'2016-12-12 17:22:48',4,'0:0:0:0:0:0:0:1',1,0,1),(146,'2016-12-12 17:23:09',4,'0:0:0:0:0:0:0:1',1,0,1),(147,'2016-12-12 17:23:36',4,'0:0:0:0:0:0:0:1',1,0,1),(148,'2016-12-12 17:23:59',4,'0:0:0:0:0:0:0:1',1,0,1),(149,'2016-12-12 17:24:37',4,'0:0:0:0:0:0:0:1',1,0,1),(150,'2016-12-12 17:25:04',4,'0:0:0:0:0:0:0:1',1,0,1),(151,'2016-12-12 17:25:25',4,'0:0:0:0:0:0:0:1',1,0,1),(152,'2016-12-12 17:25:55',4,'0:0:0:0:0:0:0:1',1,0,1),(153,'2016-12-13 10:57:31',4,'0:0:0:0:0:0:0:1',1,0,1),(154,'2016-12-13 11:07:52',4,'0:0:0:0:0:0:0:1',1,0,1),(155,'2016-12-13 11:08:35',4,'0:0:0:0:0:0:0:1',1,0,1),(156,'2016-12-13 15:06:19',4,'0:0:0:0:0:0:0:1',1,0,1),(157,'2016-12-13 15:07:34',4,'0:0:0:0:0:0:0:1',1,0,1),(158,'2016-12-13 15:08:17',4,'0:0:0:0:0:0:0:1',1,0,1),(159,'2016-12-13 15:09:56',4,'0:0:0:0:0:0:0:1',1,0,1),(160,'2016-12-13 15:15:51',4,'0:0:0:0:0:0:0:1',1,0,1),(161,'2016-12-19 11:37:00',3,'0:0:0:0:0:0:0:1',1,0,1),(162,'2016-12-19 12:15:06',3,'0:0:0:0:0:0:0:1',1,0,1),(163,'2016-12-19 12:49:35',3,'0:0:0:0:0:0:0:1',1,0,1),(164,'2016-12-19 12:49:47',3,'0:0:0:0:0:0:0:1',1,0,1),(165,'2016-12-19 12:51:32',3,'0:0:0:0:0:0:0:1',1,0,1),(166,'2016-12-19 12:51:38',3,'0:0:0:0:0:0:0:1',1,0,1),(167,'2016-12-19 12:52:07',3,'0:0:0:0:0:0:0:1',1,0,1),(168,'2016-12-19 12:55:15',3,'0:0:0:0:0:0:0:1',1,0,1),(169,'2016-12-19 12:55:59',3,'0:0:0:0:0:0:0:1',1,0,1),(170,'2016-12-19 12:56:16',3,'0:0:0:0:0:0:0:1',1,0,1),(171,'2016-12-19 12:56:31',3,'0:0:0:0:0:0:0:1',1,0,1),(172,'2016-12-19 12:58:44',3,'0:0:0:0:0:0:0:1',1,0,1),(173,'2016-12-19 12:59:23',3,'0:0:0:0:0:0:0:1',1,0,1),(174,'2016-12-19 13:08:04',3,'0:0:0:0:0:0:0:1',1,0,1),(175,'2016-12-19 13:09:42',3,'0:0:0:0:0:0:0:1',1,0,1),(176,'2016-12-19 13:10:27',3,'0:0:0:0:0:0:0:1',1,0,1),(177,'2016-12-19 13:12:42',3,'0:0:0:0:0:0:0:1',1,0,1),(178,'2016-12-19 13:18:47',3,'0:0:0:0:0:0:0:1',1,0,1),(179,'2016-12-19 13:18:59',3,'0:0:0:0:0:0:0:1',1,0,1),(180,'2016-12-19 13:19:17',3,'0:0:0:0:0:0:0:1',1,0,1),(181,'2016-12-19 13:19:53',3,'0:0:0:0:0:0:0:1',1,0,1),(182,'2016-12-19 13:20:15',3,'0:0:0:0:0:0:0:1',1,0,1),(183,'2016-12-19 14:34:38',3,'0:0:0:0:0:0:0:1',1,0,1),(184,'2016-12-19 14:35:21',3,'0:0:0:0:0:0:0:1',1,0,1),(185,'2016-12-19 14:35:26',3,'0:0:0:0:0:0:0:1',1,0,1),(186,'2016-12-19 14:36:17',3,'0:0:0:0:0:0:0:1',1,0,1),(187,'2016-12-19 14:39:26',3,'0:0:0:0:0:0:0:1',1,0,1),(188,'2016-12-19 14:41:13',3,'0:0:0:0:0:0:0:1',1,0,1),(189,'2016-12-19 14:48:25',3,'0:0:0:0:0:0:0:1',1,0,1),(190,'2016-12-19 14:48:52',3,'0:0:0:0:0:0:0:1',1,0,1),(191,'2016-12-19 15:32:44',3,'0:0:0:0:0:0:0:1',1,0,1),(192,'2016-12-19 15:33:59',3,'0:0:0:0:0:0:0:1',1,0,1),(193,'2016-12-19 15:34:57',3,'0:0:0:0:0:0:0:1',1,0,1),(194,'2016-12-19 15:38:19',3,'0:0:0:0:0:0:0:1',1,0,1),(195,'2016-12-19 15:38:46',3,'0:0:0:0:0:0:0:1',1,0,1),(196,'2016-12-19 15:50:02',3,'0:0:0:0:0:0:0:1',1,0,1),(197,'2016-12-19 15:50:24',3,'0:0:0:0:0:0:0:1',1,0,1),(198,'2016-12-19 15:51:26',3,'0:0:0:0:0:0:0:1',1,0,1),(199,'2016-12-19 15:52:07',3,'0:0:0:0:0:0:0:1',1,0,1),(200,'2016-12-19 15:57:20',3,'0:0:0:0:0:0:0:1',1,0,1),(201,'2016-12-19 15:58:24',3,'0:0:0:0:0:0:0:1',1,0,1),(202,'2016-12-19 15:59:10',3,'0:0:0:0:0:0:0:1',1,0,1),(203,'2016-12-19 16:00:22',3,'0:0:0:0:0:0:0:1',1,0,1),(204,'2016-12-19 16:01:51',3,'0:0:0:0:0:0:0:1',1,0,1),(205,'2016-12-19 16:05:21',3,'0:0:0:0:0:0:0:1',1,0,1),(206,'2016-12-19 16:12:56',3,'0:0:0:0:0:0:0:1',1,0,1),(207,'2016-12-19 16:15:42',3,'0:0:0:0:0:0:0:1',1,0,1),(208,'2016-12-19 16:23:38',3,'0:0:0:0:0:0:0:1',1,0,1),(209,'2016-12-19 16:27:46',3,'0:0:0:0:0:0:0:1',1,0,1),(210,'2016-12-19 16:29:58',3,'0:0:0:0:0:0:0:1',1,0,1),(211,'2016-12-19 16:31:54',3,'0:0:0:0:0:0:0:1',1,0,1),(212,'2016-12-19 16:35:03',3,'0:0:0:0:0:0:0:1',1,0,1),(213,'2016-12-19 16:41:33',3,'0:0:0:0:0:0:0:1',1,0,1),(214,'2016-12-19 16:46:33',3,'0:0:0:0:0:0:0:1',1,0,1),(215,'2016-12-19 16:48:05',3,'0:0:0:0:0:0:0:1',1,0,1),(216,'2016-12-19 16:51:51',3,'0:0:0:0:0:0:0:1',1,0,1),(217,'2016-12-19 16:52:50',3,'0:0:0:0:0:0:0:1',1,0,1),(218,'2016-12-19 16:52:56',3,'0:0:0:0:0:0:0:1',1,0,1),(219,'2016-12-19 16:55:25',3,'0:0:0:0:0:0:0:1',1,0,1),(220,'2016-12-19 16:58:58',3,'0:0:0:0:0:0:0:1',1,0,1),(221,'2016-12-19 16:59:32',3,'0:0:0:0:0:0:0:1',1,0,1),(222,'2016-12-19 17:05:59',3,'0:0:0:0:0:0:0:1',1,0,1),(223,'2016-12-19 17:06:20',3,'0:0:0:0:0:0:0:1',1,0,1),(224,'2016-12-19 17:07:42',3,'0:0:0:0:0:0:0:1',1,0,1),(225,'2016-12-19 17:08:17',3,'0:0:0:0:0:0:0:1',1,0,1),(226,'2016-12-19 17:13:40',3,'0:0:0:0:0:0:0:1',1,0,1),(227,'2016-12-19 17:17:08',3,'0:0:0:0:0:0:0:1',1,0,1),(228,'2016-12-19 17:17:36',3,'0:0:0:0:0:0:0:1',1,0,1),(229,'2016-12-19 17:24:16',3,'0:0:0:0:0:0:0:1',1,0,1),(230,'2016-12-19 17:25:16',3,'0:0:0:0:0:0:0:1',1,0,1),(231,'2016-12-19 17:27:00',3,'0:0:0:0:0:0:0:1',1,0,1),(232,'2016-12-19 17:28:40',3,'0:0:0:0:0:0:0:1',1,0,1),(233,'2016-12-19 17:31:18',3,'0:0:0:0:0:0:0:1',1,0,1),(234,'2016-12-19 17:36:14',3,'0:0:0:0:0:0:0:1',1,0,1),(235,'2016-12-19 17:37:22',3,'0:0:0:0:0:0:0:1',1,0,1),(236,'2016-12-19 17:38:53',3,'0:0:0:0:0:0:0:1',1,0,1),(237,'2016-12-20 09:13:22',3,'0:0:0:0:0:0:0:1',1,0,1),(238,'2016-12-20 10:54:53',3,'0:0:0:0:0:0:0:1',1,0,1),(239,'2016-12-20 12:35:09',3,'0:0:0:0:0:0:0:1',1,0,1),(240,'2016-12-28 11:38:30',3,'0:0:0:0:0:0:0:1',1,0,1),(241,'2016-12-28 11:55:21',3,'0:0:0:0:0:0:0:1',1,0,1),(242,'2016-12-28 12:00:36',3,'0:0:0:0:0:0:0:1',1,0,1),(243,'2016-12-28 12:01:00',3,'0:0:0:0:0:0:0:1',1,0,1),(244,'2016-12-28 12:01:45',3,'0:0:0:0:0:0:0:1',1,0,1),(245,'2016-12-28 13:09:06',3,'0:0:0:0:0:0:0:1',1,0,1),(246,'2016-12-28 13:12:22',3,'0:0:0:0:0:0:0:1',1,0,1),(247,'2016-12-28 13:13:29',3,'0:0:0:0:0:0:0:1',1,0,1),(248,'2016-12-28 13:14:00',3,'0:0:0:0:0:0:0:1',1,0,1),(249,'2016-12-28 13:19:24',3,'0:0:0:0:0:0:0:1',1,0,1),(250,'2016-12-28 13:22:58',3,'0:0:0:0:0:0:0:1',1,0,1),(251,'2016-12-28 13:23:04',3,'0:0:0:0:0:0:0:1',1,0,1),(252,'2016-12-28 13:23:42',3,'0:0:0:0:0:0:0:1',1,0,1),(253,'2016-12-28 13:24:12',3,'0:0:0:0:0:0:0:1',1,0,1),(254,'2016-12-28 13:25:03',3,'0:0:0:0:0:0:0:1',1,0,1),(255,'2016-12-28 13:28:48',3,'0:0:0:0:0:0:0:1',1,0,1),(256,'2016-12-28 13:28:55',3,'0:0:0:0:0:0:0:1',1,0,1),(257,'2016-12-28 13:30:29',3,'0:0:0:0:0:0:0:1',1,0,1),(258,'2016-12-28 13:30:58',3,'0:0:0:0:0:0:0:1',1,0,1),(259,'2016-12-28 13:31:48',3,'0:0:0:0:0:0:0:1',1,0,1),(260,'2017-01-11 17:01:33',3,'0:0:0:0:0:0:0:1',1,0,1),(261,'2017-01-11 17:02:01',4,'0:0:0:0:0:0:0:1',1,0,1),(262,'2017-01-11 17:21:07',4,'0:0:0:0:0:0:0:1',1,0,1),(263,'2017-01-11 17:21:45',5,'0:0:0:0:0:0:0:1',2,1,1),(264,'2017-01-11 17:22:27',5,'0:0:0:0:0:0:0:1',1,0,1),(265,'2017-01-11 17:22:35',5,'0:0:0:0:0:0:0:1',1,0,1),(266,'2017-01-11 17:33:36',3,'0:0:0:0:0:0:0:1',1,0,1),(267,'2017-01-11 17:34:16',3,'0:0:0:0:0:0:0:1',1,0,1),(268,'2017-01-11 17:34:49',3,'0:0:0:0:0:0:0:1',1,0,1),(269,'2017-01-11 17:38:31',4,'0:0:0:0:0:0:0:1',1,0,1),(270,'2017-01-11 17:39:14',5,'0:0:0:0:0:0:0:1',1,0,1),(271,'2017-01-11 17:39:23',5,'0:0:0:0:0:0:0:1',1,0,1),(272,'2017-01-11 17:39:53',5,'0:0:0:0:0:0:0:1',1,0,1),(273,'2017-01-12 10:12:42',3,'0:0:0:0:0:0:0:1',1,0,1),(274,'2017-01-12 10:55:35',3,'0:0:0:0:0:0:0:1',1,0,1),(275,'2017-01-12 10:58:17',3,'0:0:0:0:0:0:0:1',1,0,1),(276,'2017-01-12 11:36:54',3,'0:0:0:0:0:0:0:1',1,0,1),(277,'2017-01-12 11:39:46',3,'0:0:0:0:0:0:0:1',1,0,1),(278,'2017-01-12 12:39:35',3,'0:0:0:0:0:0:0:1',1,0,1),(279,'2017-01-12 16:37:35',3,'0:0:0:0:0:0:0:1',1,0,1),(280,'2017-01-12 16:44:40',3,'0:0:0:0:0:0:0:1',1,0,1),(281,'2017-01-12 16:50:19',3,'0:0:0:0:0:0:0:1',1,0,1),(282,'2017-01-12 16:52:34',5,'0:0:0:0:0:0:0:1',1,0,1),(283,'2017-01-12 16:52:59',5,'0:0:0:0:0:0:0:1',2,0,0),(284,'2017-01-12 16:56:56',3,'0:0:0:0:0:0:0:1',1,0,1),(285,'2017-01-12 17:01:36',3,'0:0:0:0:0:0:0:1',1,0,1),(286,'2017-01-12 17:01:47',3,'0:0:0:0:0:0:0:1',1,0,1),(287,'2017-01-12 17:04:19',3,'0:0:0:0:0:0:0:1',1,0,1),(288,'2017-01-12 17:24:44',3,'0:0:0:0:0:0:0:1',1,0,1),(289,'2017-01-12 17:24:54',3,'0:0:0:0:0:0:0:1',1,0,1),(290,'2017-01-12 17:25:09',3,'0:0:0:0:0:0:0:1',1,0,1),(291,'2017-01-12 17:25:38',3,'0:0:0:0:0:0:0:1',1,0,1),(292,'2017-01-12 17:25:48',3,'0:0:0:0:0:0:0:1',1,0,1),(293,'2017-01-12 17:26:02',3,'0:0:0:0:0:0:0:1',1,0,1),(294,'2017-01-12 17:26:23',3,'0:0:0:0:0:0:0:1',1,0,1),(295,'2017-01-12 17:27:22',3,'0:0:0:0:0:0:0:1',1,0,1),(296,'2017-01-12 17:27:30',3,'0:0:0:0:0:0:0:1',1,0,1),(297,'2017-01-12 17:27:55',3,'0:0:0:0:0:0:0:1',1,0,1),(298,'2017-01-12 17:28:12',3,'0:0:0:0:0:0:0:1',1,0,1),(299,'2017-01-12 17:29:06',3,'0:0:0:0:0:0:0:1',1,0,1),(300,'2017-01-12 17:29:10',3,'0:0:0:0:0:0:0:1',1,0,1),(301,'2017-01-12 17:29:21',3,'0:0:0:0:0:0:0:1',1,0,1),(302,'2017-01-12 17:34:56',3,'0:0:0:0:0:0:0:1',1,0,1),(303,'2017-01-12 17:43:06',3,'0:0:0:0:0:0:0:1',1,0,1),(304,'2017-01-12 17:46:44',3,'0:0:0:0:0:0:0:1',1,0,1),(305,'2017-01-12 17:46:47',3,'0:0:0:0:0:0:0:1',1,0,1),(306,'2017-01-12 17:47:15',3,'0:0:0:0:0:0:0:1',1,0,1),(307,'2017-01-12 17:47:39',3,'0:0:0:0:0:0:0:1',1,0,1),(308,'2017-01-12 17:48:19',3,'0:0:0:0:0:0:0:1',1,0,1),(309,'2017-01-12 17:48:36',3,'0:0:0:0:0:0:0:1',1,0,1),(310,'2017-01-12 17:48:42',3,'0:0:0:0:0:0:0:1',1,0,1),(311,'2017-01-12 17:49:37',3,'0:0:0:0:0:0:0:1',1,0,1),(312,'2017-01-12 17:49:46',3,'0:0:0:0:0:0:0:1',1,0,1),(313,'2017-01-12 17:50:06',3,'0:0:0:0:0:0:0:1',1,0,1),(314,'2017-01-12 17:51:57',3,'0:0:0:0:0:0:0:1',1,0,1),(315,'2017-01-12 17:52:34',3,'0:0:0:0:0:0:0:1',1,0,1),(316,'2017-01-12 17:52:44',3,'0:0:0:0:0:0:0:1',1,0,1),(317,'2017-01-12 17:53:16',3,'0:0:0:0:0:0:0:1',1,0,1),(318,'2017-01-12 17:53:57',3,'0:0:0:0:0:0:0:1',1,0,1),(319,'2017-01-12 17:54:06',3,'0:0:0:0:0:0:0:1',1,0,1),(320,'2017-01-12 17:54:18',3,'0:0:0:0:0:0:0:1',1,0,1),(321,'2017-01-12 17:55:10',3,'0:0:0:0:0:0:0:1',1,0,1),(322,'2017-01-12 17:55:13',3,'0:0:0:0:0:0:0:1',1,0,1),(323,'2017-01-12 18:01:19',3,'0:0:0:0:0:0:0:1',1,0,1),(324,'2017-01-12 18:01:32',3,'0:0:0:0:0:0:0:1',1,0,1),(325,'2017-01-12 18:01:56',3,'0:0:0:0:0:0:0:1',1,0,1),(326,'2017-01-12 18:03:36',3,'0:0:0:0:0:0:0:1',1,0,1),(327,'2017-01-12 18:07:01',3,'0:0:0:0:0:0:0:1',1,0,1),(328,'2017-01-12 18:07:33',3,'0:0:0:0:0:0:0:1',1,0,1),(329,'2017-01-12 18:08:31',3,'0:0:0:0:0:0:0:1',1,0,1),(330,'2017-01-12 18:08:59',3,'0:0:0:0:0:0:0:1',1,0,1),(331,'2017-01-12 18:09:11',3,'0:0:0:0:0:0:0:1',1,0,1),(332,'2017-01-12 18:09:29',3,'0:0:0:0:0:0:0:1',1,0,1),(333,'2017-01-12 18:11:45',3,'0:0:0:0:0:0:0:1',1,0,1),(334,'2017-01-12 18:12:16',3,'0:0:0:0:0:0:0:1',1,0,1),(335,'2017-01-12 18:13:45',3,'0:0:0:0:0:0:0:1',1,0,1),(336,'2017-01-12 18:14:46',3,'0:0:0:0:0:0:0:1',1,0,1),(337,'2017-01-12 18:19:20',3,'0:0:0:0:0:0:0:1',1,0,1),(338,'2017-01-12 18:19:46',3,'0:0:0:0:0:0:0:1',1,0,1),(339,'2017-01-13 08:02:42',3,'0:0:0:0:0:0:0:1',1,0,1),(340,'2017-01-13 09:01:44',3,'0:0:0:0:0:0:0:1',1,0,1),(341,'2017-01-13 09:03:08',3,'0:0:0:0:0:0:0:1',1,0,1),(342,'2017-01-13 09:03:57',3,'0:0:0:0:0:0:0:1',1,0,1),(343,'2017-01-13 09:07:46',3,'0:0:0:0:0:0:0:1',1,0,1),(344,'2017-01-13 09:09:54',3,'0:0:0:0:0:0:0:1',1,0,1),(345,'2017-01-13 09:10:08',3,'0:0:0:0:0:0:0:1',1,0,1),(346,'2017-01-13 09:10:44',3,'0:0:0:0:0:0:0:1',1,0,1),(347,'2017-01-13 09:11:29',3,'0:0:0:0:0:0:0:1',1,0,1),(348,'2017-01-13 09:11:44',3,'0:0:0:0:0:0:0:1',1,0,1),(349,'2017-01-13 10:22:25',3,'0:0:0:0:0:0:0:1',1,0,1),(350,'2017-01-13 10:22:45',3,'0:0:0:0:0:0:0:1',1,0,1),(351,'2017-01-13 10:23:47',3,'0:0:0:0:0:0:0:1',1,0,1),(352,'2017-01-13 10:28:32',3,'0:0:0:0:0:0:0:1',1,0,1),(353,'2017-01-13 10:30:00',3,'0:0:0:0:0:0:0:1',1,0,1),(354,'2017-01-13 10:30:17',3,'0:0:0:0:0:0:0:1',1,0,1),(355,'2017-01-13 10:32:26',3,'0:0:0:0:0:0:0:1',1,0,1),(356,'2017-01-13 10:32:57',3,'0:0:0:0:0:0:0:1',1,0,1),(357,'2017-01-13 10:34:43',3,'0:0:0:0:0:0:0:1',1,0,1),(358,'2017-01-13 10:35:26',3,'0:0:0:0:0:0:0:1',1,0,1),(359,'2017-01-13 10:36:07',3,'0:0:0:0:0:0:0:1',1,0,1),(360,'2017-01-13 10:37:45',3,'0:0:0:0:0:0:0:1',1,0,1),(361,'2017-01-13 10:38:54',3,'0:0:0:0:0:0:0:1',1,0,1),(362,'2017-01-13 10:57:19',3,'0:0:0:0:0:0:0:1',1,0,1),(363,'2017-01-13 10:58:00',3,'0:0:0:0:0:0:0:1',1,0,1),(364,'2017-01-13 10:58:52',3,'0:0:0:0:0:0:0:1',1,0,1),(365,'2017-01-13 11:02:59',3,'0:0:0:0:0:0:0:1',1,0,1),(366,'2017-01-13 11:04:34',3,'0:0:0:0:0:0:0:1',1,0,1),(367,'2017-01-13 11:06:10',3,'0:0:0:0:0:0:0:1',1,0,1),(368,'2017-01-13 11:07:22',3,'0:0:0:0:0:0:0:1',1,0,1),(369,'2017-01-13 11:11:45',3,'0:0:0:0:0:0:0:1',1,0,1),(370,'2017-01-13 11:12:02',3,'0:0:0:0:0:0:0:1',1,0,1),(371,'2017-01-13 11:13:54',3,'0:0:0:0:0:0:0:1',1,0,1),(372,'2017-01-13 11:16:56',3,'0:0:0:0:0:0:0:1',1,0,1),(373,'2017-01-13 11:17:26',3,'0:0:0:0:0:0:0:1',1,0,1),(374,'2017-01-13 11:17:35',3,'0:0:0:0:0:0:0:1',1,0,1),(375,'2017-01-13 11:19:33',3,'0:0:0:0:0:0:0:1',1,0,1),(376,'2017-01-13 11:19:58',3,'0:0:0:0:0:0:0:1',1,0,1),(377,'2017-01-13 11:20:46',3,'0:0:0:0:0:0:0:1',1,0,1),(378,'2017-01-13 11:21:25',3,'0:0:0:0:0:0:0:1',1,0,1),(379,'2017-01-13 11:21:32',3,'0:0:0:0:0:0:0:1',1,0,1),(380,'2017-01-13 11:22:24',3,'0:0:0:0:0:0:0:1',1,0,1),(381,'2017-01-13 11:30:14',3,'0:0:0:0:0:0:0:1',1,0,1),(382,'2017-01-13 11:30:51',3,'0:0:0:0:0:0:0:1',1,0,1),(383,'2017-01-13 11:31:05',3,'0:0:0:0:0:0:0:1',1,0,1),(384,'2017-01-13 11:31:12',3,'0:0:0:0:0:0:0:1',1,0,1),(385,'2017-01-13 11:31:40',3,'0:0:0:0:0:0:0:1',1,0,1),(386,'2017-01-13 11:32:29',3,'0:0:0:0:0:0:0:1',1,0,1),(387,'2017-01-13 11:32:47',3,'0:0:0:0:0:0:0:1',1,0,1),(388,'2017-01-13 11:33:09',3,'0:0:0:0:0:0:0:1',1,0,1),(389,'2017-01-13 11:33:42',3,'0:0:0:0:0:0:0:1',1,0,1),(390,'2017-01-13 11:33:57',3,'0:0:0:0:0:0:0:1',1,0,1),(391,'2017-01-13 11:34:15',3,'0:0:0:0:0:0:0:1',1,0,1),(392,'2017-01-13 11:34:42',3,'0:0:0:0:0:0:0:1',1,0,1),(393,'2017-01-13 11:35:19',3,'0:0:0:0:0:0:0:1',1,0,1),(394,'2017-01-13 11:36:00',3,'0:0:0:0:0:0:0:1',1,0,1),(395,'2017-01-13 11:38:21',3,'0:0:0:0:0:0:0:1',1,0,1),(396,'2017-01-13 12:25:17',3,'0:0:0:0:0:0:0:1',1,0,1),(397,'2017-01-13 12:25:39',3,'0:0:0:0:0:0:0:1',1,0,1),(398,'2017-01-13 12:27:49',3,'0:0:0:0:0:0:0:1',1,0,1),(399,'2017-01-13 12:29:01',3,'0:0:0:0:0:0:0:1',1,0,1),(400,'2017-01-13 12:29:27',3,'0:0:0:0:0:0:0:1',1,0,1),(401,'2017-01-13 12:33:07',3,'0:0:0:0:0:0:0:1',1,0,1),(402,'2017-01-13 12:33:22',3,'0:0:0:0:0:0:0:1',1,0,1),(403,'2017-01-13 12:33:41',3,'0:0:0:0:0:0:0:1',1,0,1),(404,'2017-01-13 12:35:07',3,'0:0:0:0:0:0:0:1',1,0,1),(405,'2017-01-13 12:35:34',3,'0:0:0:0:0:0:0:1',1,0,1),(406,'2017-01-13 12:36:03',3,'0:0:0:0:0:0:0:1',1,0,1),(407,'2017-01-13 12:36:21',3,'0:0:0:0:0:0:0:1',1,0,1),(408,'2017-01-13 12:37:28',3,'0:0:0:0:0:0:0:1',1,0,1),(409,'2017-01-13 12:53:42',3,'0:0:0:0:0:0:0:1',1,0,1),(410,'2017-01-13 12:53:58',3,'0:0:0:0:0:0:0:1',1,0,1),(411,'2017-01-13 12:54:06',3,'0:0:0:0:0:0:0:1',1,0,1),(412,'2017-01-13 13:11:21',3,'0:0:0:0:0:0:0:1',1,0,1),(413,'2017-01-13 13:11:36',3,'0:0:0:0:0:0:0:1',1,0,1),(414,'2017-01-13 13:14:48',3,'0:0:0:0:0:0:0:1',1,0,1),(415,'2017-01-13 13:20:21',3,'0:0:0:0:0:0:0:1',1,0,1),(416,'2017-01-13 13:23:13',3,'0:0:0:0:0:0:0:1',1,0,1),(417,'2017-01-13 13:23:45',3,'0:0:0:0:0:0:0:1',1,0,1),(418,'2017-01-13 13:48:33',3,'0:0:0:0:0:0:0:1',1,0,1),(419,'2017-01-13 13:49:36',3,'0:0:0:0:0:0:0:1',1,0,1),(420,'2017-01-13 13:50:10',3,'0:0:0:0:0:0:0:1',1,0,1),(421,'2017-01-13 13:52:17',3,'0:0:0:0:0:0:0:1',1,0,1),(422,'2017-01-13 13:52:31',3,'0:0:0:0:0:0:0:1',1,0,1),(423,'2017-01-13 13:53:20',3,'0:0:0:0:0:0:0:1',1,0,1),(424,'2017-01-13 13:58:53',3,'0:0:0:0:0:0:0:1',1,0,1),(425,'2017-01-13 14:08:23',3,'0:0:0:0:0:0:0:1',1,0,1),(426,'2017-01-16 10:14:24',3,'0:0:0:0:0:0:0:1',1,0,1),(427,'2017-01-16 10:17:19',3,'0:0:0:0:0:0:0:1',1,0,1),(428,'2017-01-16 10:22:00',3,'0:0:0:0:0:0:0:1',1,0,1),(429,'2017-01-16 10:23:13',3,'0:0:0:0:0:0:0:1',1,0,1),(430,'2017-01-16 10:39:29',3,'0:0:0:0:0:0:0:1',1,0,1),(431,'2017-01-16 10:40:00',3,'0:0:0:0:0:0:0:1',1,0,1),(432,'2017-01-16 10:40:22',3,'0:0:0:0:0:0:0:1',1,0,1),(433,'2017-01-16 10:41:08',3,'0:0:0:0:0:0:0:1',1,0,1),(434,'2017-01-16 10:42:38',3,'0:0:0:0:0:0:0:1',1,0,1),(435,'2017-01-16 10:52:45',3,'0:0:0:0:0:0:0:1',1,0,1),(436,'2017-01-16 10:53:23',3,'0:0:0:0:0:0:0:1',1,0,1),(437,'2017-01-16 10:56:28',3,'0:0:0:0:0:0:0:1',1,0,1),(438,'2017-01-16 10:57:03',3,'0:0:0:0:0:0:0:1',1,0,1),(439,'2017-01-16 10:57:26',3,'0:0:0:0:0:0:0:1',1,0,1),(440,'2017-01-16 10:57:37',3,'0:0:0:0:0:0:0:1',1,0,1),(441,'2017-01-23 16:46:33',3,'0:0:0:0:0:0:0:1',1,0,1),(442,'2017-01-23 16:47:14',3,'0:0:0:0:0:0:0:1',1,0,1),(443,'2017-01-23 16:48:00',3,'0:0:0:0:0:0:0:1',1,0,1),(444,'2017-01-23 16:49:58',3,'0:0:0:0:0:0:0:1',1,0,1),(445,'2017-01-23 16:50:48',3,'0:0:0:0:0:0:0:1',1,0,1),(446,'2017-01-23 16:55:50',3,'0:0:0:0:0:0:0:1',1,0,1),(447,'2017-01-23 16:58:56',3,'0:0:0:0:0:0:0:1',1,0,1),(448,'2017-01-23 17:01:34',3,'0:0:0:0:0:0:0:1',1,0,1),(449,'2017-01-23 17:37:12',3,'0:0:0:0:0:0:0:1',1,0,1),(450,'2017-01-23 17:38:13',3,'0:0:0:0:0:0:0:1',1,0,1),(451,'2017-01-23 17:38:34',3,'0:0:0:0:0:0:0:1',1,0,1),(452,'2017-01-23 17:39:20',3,'0:0:0:0:0:0:0:1',1,0,1),(453,'2017-01-23 17:39:47',3,'0:0:0:0:0:0:0:1',1,0,1),(454,'2017-01-23 17:39:55',3,'0:0:0:0:0:0:0:1',1,0,1),(455,'2017-01-23 17:41:26',3,'0:0:0:0:0:0:0:1',1,0,1),(456,'2017-01-23 17:41:34',3,'0:0:0:0:0:0:0:1',1,0,1),(457,'2017-01-23 17:41:44',3,'0:0:0:0:0:0:0:1',1,0,1),(458,'2017-01-23 17:42:14',3,'0:0:0:0:0:0:0:1',1,0,1),(459,'2017-01-23 17:44:01',3,'0:0:0:0:0:0:0:1',1,0,1),(460,'2017-01-23 17:45:39',3,'0:0:0:0:0:0:0:1',1,0,1),(461,'2017-01-23 17:50:34',3,'0:0:0:0:0:0:0:1',1,0,1),(462,'2017-01-23 17:51:09',3,'0:0:0:0:0:0:0:1',1,0,1),(463,'2017-01-23 17:53:27',3,'0:0:0:0:0:0:0:1',1,0,1),(464,'2017-01-23 17:53:57',3,'0:0:0:0:0:0:0:1',1,0,1),(465,'2017-01-23 17:54:08',3,'0:0:0:0:0:0:0:1',1,0,1),(466,'2017-01-23 17:54:39',3,'0:0:0:0:0:0:0:1',1,0,1),(467,'2017-01-23 17:56:38',3,'0:0:0:0:0:0:0:1',1,0,1),(468,'2017-01-23 17:57:11',3,'0:0:0:0:0:0:0:1',1,0,1),(469,'2017-01-23 17:57:47',3,'0:0:0:0:0:0:0:1',1,0,1),(470,'2017-01-23 17:57:58',3,'0:0:0:0:0:0:0:1',1,0,1),(471,'2017-01-23 17:59:22',3,'0:0:0:0:0:0:0:1',1,0,1),(472,'2017-01-23 18:03:37',3,'0:0:0:0:0:0:0:1',1,0,1),(473,'2017-01-23 18:04:50',3,'0:0:0:0:0:0:0:1',1,0,1),(474,'2017-01-23 18:09:58',3,'0:0:0:0:0:0:0:1',1,0,1),(475,'2017-01-24 08:57:42',3,'0:0:0:0:0:0:0:1',1,0,1),(476,'2017-01-24 08:58:52',3,'0:0:0:0:0:0:0:1',1,0,1),(477,'2017-01-24 09:01:44',3,'0:0:0:0:0:0:0:1',1,0,1),(478,'2017-01-24 09:02:42',3,'0:0:0:0:0:0:0:1',1,0,1),(479,'2017-01-24 09:03:02',3,'0:0:0:0:0:0:0:1',1,0,1),(480,'2017-01-24 09:05:11',3,'0:0:0:0:0:0:0:1',1,0,1),(481,'2017-01-24 09:05:27',3,'0:0:0:0:0:0:0:1',1,0,1),(482,'2017-01-24 09:05:27',3,'0:0:0:0:0:0:0:1',1,0,1),(483,'2017-01-24 09:07:15',3,'0:0:0:0:0:0:0:1',1,0,1),(484,'2017-01-24 09:07:24',3,'0:0:0:0:0:0:0:1',1,0,1),(485,'2017-01-24 09:11:16',3,'0:0:0:0:0:0:0:1',1,0,1),(486,'2017-01-24 09:11:47',3,'0:0:0:0:0:0:0:1',1,0,1),(487,'2017-01-24 09:14:16',3,'0:0:0:0:0:0:0:1',1,0,1),(488,'2017-01-24 09:51:21',3,'0:0:0:0:0:0:0:1',1,0,1),(489,'2017-01-24 09:52:09',3,'127.0.0.1',3,0,1),(490,'2017-01-24 17:52:56',3,'127.0.0.1',1,0,1),(491,'2017-01-24 17:53:13',3,'127.0.0.1',1,0,1),(492,'2017-01-24 17:56:31',3,'127.0.0.1',1,0,1),(493,'2017-01-24 17:57:35',3,'127.0.0.1',1,0,1),(494,'2017-01-24 17:58:05',3,'127.0.0.1',1,0,1),(495,'2017-01-24 17:59:38',3,'127.0.0.1',1,0,1),(496,'2017-01-24 18:00:09',3,'127.0.0.1',1,0,1),(497,'2017-01-24 18:01:06',3,'127.0.0.1',1,0,1),(498,'2017-01-24 18:02:07',3,'127.0.0.1',1,0,1),(499,'2017-01-25 16:56:08',10,'127.0.0.1',2,1,1),(500,'2017-01-25 16:56:48',10,'127.0.0.1',1,0,1),(501,'2017-01-25 16:57:43',10,'127.0.0.1',1,0,1),(502,'2017-01-25 18:12:29',3,'127.0.0.1',2,0,0),(503,'2017-01-27 10:56:15',3,'0:0:0:0:0:0:0:1',1,0,1),(504,'2017-01-27 11:39:40',3,'0:0:0:0:0:0:0:1',1,0,1),(505,'2017-01-27 11:40:39',3,'0:0:0:0:0:0:0:1',1,0,1),(506,'2017-01-27 11:47:06',3,'0:0:0:0:0:0:0:1',1,0,1),(507,'2017-02-13 12:27:21',3,'0:0:0:0:0:0:0:1',1,0,1),(508,'2017-02-15 17:15:01',3,'0:0:0:0:0:0:0:1',1,0,1),(509,'2017-02-15 17:19:33',3,'0:0:0:0:0:0:0:1',1,0,1),(510,'2017-02-15 17:22:53',3,'0:0:0:0:0:0:0:1',1,0,1),(511,'2017-02-15 17:23:27',3,'0:0:0:0:0:0:0:1',1,0,1),(512,'2017-02-15 17:26:12',3,'0:0:0:0:0:0:0:1',1,0,1),(513,'2017-02-15 17:26:44',3,'0:0:0:0:0:0:0:1',1,0,1),(514,'2017-02-15 17:29:16',3,'0:0:0:0:0:0:0:1',1,0,1),(515,'2017-02-15 17:30:07',3,'0:0:0:0:0:0:0:1',1,0,1),(516,'2017-02-15 17:32:45',3,'0:0:0:0:0:0:0:1',1,0,1),(517,'2017-02-15 17:33:29',3,'0:0:0:0:0:0:0:1',1,0,1),(518,'2017-02-15 17:34:35',3,'0:0:0:0:0:0:0:1',1,0,1),(519,'2017-02-15 17:35:20',3,'0:0:0:0:0:0:0:1',1,0,1),(520,'2017-02-15 17:37:21',3,'0:0:0:0:0:0:0:1',1,0,1),(521,'2017-02-15 17:39:57',3,'0:0:0:0:0:0:0:1',1,0,1),(522,'2017-02-15 17:40:42',3,'0:0:0:0:0:0:0:1',1,0,1),(523,'2017-02-15 17:43:24',3,'0:0:0:0:0:0:0:1',1,0,1),(524,'2017-02-16 12:24:18',4,'0:0:0:0:0:0:0:1',1,0,1),(525,'2017-02-16 17:04:57',4,'0:0:0:0:0:0:0:1',1,0,1),(526,'2017-02-16 17:05:30',4,'0:0:0:0:0:0:0:1',1,0,1),(527,'2017-02-16 17:05:56',4,'0:0:0:0:0:0:0:1',1,0,1),(528,'2017-02-16 17:06:28',4,'0:0:0:0:0:0:0:1',1,0,1),(529,'2017-02-16 17:45:02',4,'0:0:0:0:0:0:0:1',1,0,1),(530,'2017-02-16 17:53:32',17,'0:0:0:0:0:0:0:1',2,0,1),(531,'2017-02-16 18:03:39',17,'0:0:0:0:0:0:0:1',1,0,1),(532,'2017-02-16 18:04:20',17,'0:0:0:0:0:0:0:1',1,0,1),(533,'2017-02-16 18:06:33',17,'0:0:0:0:0:0:0:1',1,0,1),(534,'2017-02-16 18:07:01',17,'0:0:0:0:0:0:0:1',1,0,1),(535,'2017-02-16 18:07:45',17,'0:0:0:0:0:0:0:1',1,0,1),(536,'2017-02-16 18:11:09',17,'0:0:0:0:0:0:0:1',1,0,1),(537,'2017-02-16 18:12:45',17,'0:0:0:0:0:0:0:1',1,0,1),(538,'2017-02-17 10:27:29',17,'0:0:0:0:0:0:0:1',1,0,1),(539,'2017-02-17 10:31:45',17,'0:0:0:0:0:0:0:1',1,0,1),(540,'2017-02-21 15:54:02',19,'0:0:0:0:0:0:0:1',1,1,1),(541,'2017-02-21 15:54:54',19,'0:0:0:0:0:0:0:1',1,0,1),(542,'2017-02-21 15:55:02',19,'0:0:0:0:0:0:0:1',1,0,1),(543,'2017-02-21 15:55:28',19,'0:0:0:0:0:0:0:1',1,0,1),(544,'2017-02-21 15:55:51',19,'0:0:0:0:0:0:0:1',1,0,1),(545,'2017-02-21 15:56:42',19,'0:0:0:0:0:0:0:1',1,0,1),(546,'2017-02-21 15:57:23',19,'0:0:0:0:0:0:0:1',1,0,1),(547,'2017-02-21 15:57:47',19,'0:0:0:0:0:0:0:1',1,0,1),(548,'2017-02-21 16:01:39',19,'0:0:0:0:0:0:0:1',1,0,1),(549,'2017-02-21 16:08:13',19,'0:0:0:0:0:0:0:1',1,0,1),(550,'2017-02-21 16:08:43',19,'0:0:0:0:0:0:0:1',1,0,1),(551,'2017-02-21 16:09:36',19,'0:0:0:0:0:0:0:1',1,0,1),(552,'2017-02-21 16:10:09',19,'0:0:0:0:0:0:0:1',1,0,1),(553,'2017-02-21 16:15:38',19,'0:0:0:0:0:0:0:1',1,0,1),(554,'2017-02-21 16:16:31',19,'0:0:0:0:0:0:0:1',1,0,1),(555,'2017-02-21 16:16:36',19,'0:0:0:0:0:0:0:1',1,0,1),(556,'2017-02-21 16:17:28',19,'0:0:0:0:0:0:0:1',1,0,1),(557,'2017-02-21 16:19:24',19,'0:0:0:0:0:0:0:1',1,0,1),(558,'2017-02-21 16:19:57',19,'0:0:0:0:0:0:0:1',1,0,1),(559,'2017-02-21 16:20:04',19,'0:0:0:0:0:0:0:1',1,0,1),(560,'2017-02-21 16:20:12',19,'0:0:0:0:0:0:0:1',1,0,1),(561,'2017-02-21 16:20:58',19,'0:0:0:0:0:0:0:1',1,0,1),(562,'2017-02-21 16:22:40',19,'0:0:0:0:0:0:0:1',1,0,1),(563,'2017-02-21 16:24:06',19,'0:0:0:0:0:0:0:1',1,0,1),(564,'2017-02-21 17:15:40',13,'0:0:0:0:0:0:0:1',3,1,1),(565,'2017-02-21 17:16:54',13,'0:0:0:0:0:0:0:1',1,0,1),(566,'2017-02-21 17:25:33',13,'0:0:0:0:0:0:0:1',1,0,1),(567,'2017-02-21 17:26:22',13,'0:0:0:0:0:0:0:1',1,0,1),(568,'2017-02-21 17:29:10',13,'0:0:0:0:0:0:0:1',1,0,1),(569,'2017-02-21 17:38:09',13,'0:0:0:0:0:0:0:1',1,0,1),(570,'2017-02-21 17:39:02',13,'0:0:0:0:0:0:0:1',1,0,1),(571,'2017-02-21 17:39:50',19,'0:0:0:0:0:0:0:1',1,0,1),(572,'2017-02-21 17:40:06',19,'0:0:0:0:0:0:0:1',1,0,1),(573,'2017-02-21 17:40:23',19,'0:0:0:0:0:0:0:1',1,0,1),(574,'2017-02-22 10:01:53',13,'0:0:0:0:0:0:0:1',3,1,0),(575,'2017-02-22 11:03:15',12,'0:0:0:0:0:0:0:1',6,1,0),(576,'2017-02-22 11:04:28',12,'0:0:0:0:0:0:0:1',6,1,1),(578,'2017-02-22 12:38:24',20,'0:0:0:0:0:0:0:1',3,1,0),(579,'2017-02-22 12:48:13',20,'0:0:0:0:0:0:0:1',3,1,1),(580,'2017-02-22 16:52:49',19,'0:0:0:0:0:0:0:1',1,0,1),(581,'2017-02-22 16:53:38',19,'0:0:0:0:0:0:0:1',1,0,1),(582,'2017-02-22 16:53:45',19,'0:0:0:0:0:0:0:1',1,0,1),(583,'2017-02-22 16:58:24',19,'0:0:0:0:0:0:0:1',1,0,1),(584,'2017-02-22 16:58:32',19,'0:0:0:0:0:0:0:1',1,0,1),(585,'2017-02-22 16:58:50',19,'0:0:0:0:0:0:0:1',1,0,1),(586,'2017-02-22 16:59:01',19,'0:0:0:0:0:0:0:1',1,0,1),(587,'2017-02-22 16:59:07',19,'0:0:0:0:0:0:0:1',1,0,1),(588,'2017-02-22 16:59:59',19,'0:0:0:0:0:0:0:1',1,0,1),(589,'2017-02-22 17:00:06',19,'0:0:0:0:0:0:0:1',1,0,1),(590,'2017-02-22 17:00:56',19,'0:0:0:0:0:0:0:1',8,1,0),(591,'2017-02-22 17:01:21',19,'0:0:0:0:0:0:0:1',1,0,1),(592,'2017-02-27 11:13:21',3,'0:0:0:0:0:0:0:1',1,0,1),(593,'2017-02-27 11:19:28',3,'0:0:0:0:0:0:0:1',1,0,0),(594,'2017-02-27 11:44:45',3,'0:0:0:0:0:0:0:1',3,1,0),(595,'2017-02-27 11:47:07',3,'0:0:0:0:0:0:0:1',3,1,0),(596,'2017-02-27 12:49:44',22,'0:0:0:0:0:0:0:1',5,1,1),(597,'2017-02-27 16:57:52',21,'0:0:0:0:0:0:0:1',5,1,0),(598,'2017-02-27 18:14:19',21,'0:0:0:0:0:0:0:1',2,0,0),(599,'2017-02-27 18:21:13',21,'0:0:0:0:0:0:0:1',2,0,0),(600,'2017-02-28 15:41:08',21,'0:0:0:0:0:0:0:1',4,1,0),(601,'2017-03-14 11:26:11',21,'0:0:0:0:0:0:0:1',2,0,1),(602,'2017-03-14 11:50:39',21,'127.0.0.1',5,1,0);
/*!40000 ALTER TABLE `anonimoususer` ENABLE KEYS */;
UNLOCK TABLES;

--
-- Table structure for table `category`
--

DROP TABLE IF EXISTS `category`;
/*!40101 SET @saved_cs_client     = @@character_set_client */;
/*!40101 SET character_set_client = utf8 */;
CREATE TABLE `category` (
  `idCategory` int(11) NOT NULL AUTO_INCREMENT,
  `name` varchar(45) NOT NULL,
  PRIMARY KEY (`idCategory`)
) ENGINE=InnoDB AUTO_INCREMENT=2 DEFAULT CHARSET=utf8;
/*!40101 SET character_set_client = @saved_cs_client */;

--
-- Dumping data for table `category`
--

LOCK TABLES `category` WRITE;
/*!40000 ALTER TABLE `category` DISABLE KEYS */;
INSERT INTO `category` VALUES (1,'generic');
/*!40000 ALTER TABLE `category` ENABLE KEYS */;
UNLOCK TABLES;

--
-- Table structure for table `content`
--

DROP TABLE IF EXISTS `content`;
/*!40101 SET @saved_cs_client     = @@character_set_client */;
/*!40101 SET character_set_client = utf8 */;
CREATE TABLE `content` (
  `idContent` int(11) NOT NULL,
  `idLanguage` int(11) NOT NULL,
  `idContentType` int(11) NOT NULL,
  `text` varchar(1000) NOT NULL,
  `index` int(11) NOT NULL DEFAULT '1',
  PRIMARY KEY (`idContent`,`idLanguage`,`idContentType`,`index`),
  KEY `fk_Content_Language1_idx` (`idLanguage`),
  KEY `fk_Content_ContentType1_idx` (`idContentType`),
  CONSTRAINT `fk_Content_ContentIndex1` FOREIGN KEY (`idContent`) REFERENCES `contentindex` (`idContent`) ON DELETE CASCADE ON UPDATE NO ACTION,
  CONSTRAINT `fk_Content_ContentType1` FOREIGN KEY (`idContentType`) REFERENCES `contenttype` (`idContentType`) ON DELETE NO ACTION ON UPDATE NO ACTION,
  CONSTRAINT `fk_Content_Language1` FOREIGN KEY (`idLanguage`) REFERENCES `language` (`idLanguage`) ON DELETE NO ACTION ON UPDATE NO ACTION
) ENGINE=InnoDB DEFAULT CHARSET=utf8;
/*!40101 SET character_set_client = @saved_cs_client */;

--
-- Dumping data for table `content`
--

LOCK TABLES `content` WRITE;
/*!40000 ALTER TABLE `content` DISABLE KEYS */;
INSERT INTO `content` VALUES (24,1,1,'First Survey',1),(24,1,2,'lalalala',1),(25,1,1,'First Section sasdfsdfsd sdfasdfasd ',1),(26,1,1,'body content',1),(26,1,2,'<div align=\"justify\"><font size=\"5\">Introduction</font><span style=\"font-size: x-large;\">&nbsp;</span></div><div align=\"justify\"><div><div><div><div><div><div><div><div><div><p style=\"padding: 0px; text-align: justify; color: rgb(0, 0, 0); margin-bottom: 15px;\"><font ace=\"Comic Sans MS\">Lorem ipsum</font><span style=\"font-family: &quot;Open Sans&quot;, Arial, sans-serif;\"> dolr sit <b>amet</b>, consectetur adipiscing elit. Curabitur condimentum libero ac arcu <i>hendrerit</i>, quis tincidunt libero faucibus. Phasellus egestas nulla ut dui convallis volutpat. Nullam augue nisi, tincidunt ac leo hendrerit, sagittis dictum odio. Maecenas porta nunc quis augue mollis, at ornare elit fermentum. Donec at venenatis justo, ut scelerisque nunc. Aliquam libero nisl, imperdiet sed vulputatesit amet, imperdiet eu nulla. In ut nulla elit. In a iaculis ante. Curabitur massa risus, venenatis volutpat acinia ac, tincidunt non lectus. Donec pharetra sapien et lacus laoreet finibus.</span></p><div><p st',1),(26,1,2,'\"padding: 0px; text-alig justify color: rgb(0, 0, 0); font-family: amp;quotOpen Sans&quot;, Arial, sans-serif; mgin-botto 15px;\">Vestibulum eget massa nisi. Nunc id ante erat. Nullad sem scelerisque, ibendum lacus vitae, auctor massa. Praesent volutpat nibh erat eget cursus dui consequat vehicula. Curabitur vehicula rutrum mi sed pretium. Suspendisse aliquet viverra mets, non scelerisque quam aliquet at. Duis semper risus in sem cursus, et sagittis nisl blandit. Nulla eu pulvinar arcu.</p><p style=\"padding: 0px; text-align: justify; color: rgb(0, 0, 0); font-family: &quot;Open Sans&quot;, Arial, sans-serif; margin-bottom: 15px;\">Quisque vulputate consectetur eros a interdum. Fusce sodales nibh vel tincidunt mattis. In et magna odio. Vivamus id nisi et mi accumsan vverra. Etiam sollicitudin, urna ac aliquet porttitor, quam metus ultricies augue, vel congue tortor nbh et ante. Ut eget nunc eu mi pulvinar sodales. Proin sollicitudin est ornare condientumcina n vehicul ia iam eget placrt ',2),(26,1,2,'ivamus faucibu eo ullmcorper neque vestibulum,  conseqat elit pellentesque. Sed eleifedpulvinrrutrum.</p><p style=\"padding: 0px; color: rgb(0, 0, 0); fot-family: &quot;Open Sans&quot;, Arial sans-serif; margin-bottom: 15px; ext-align: justiy;\">Nam vitae sodales ex, a ornare mauris. Nam pulvinar lobortis ipsum, in lacinia mauris dapibus eu. Praesen id malesuada mauris, in dictum sapien. Ut posuere, arcu sit amet convallis bibendum, erat justo placerat nunc, id gravida ipsum neque pulvinar elit. Phasellus sit amet erat a libero auctor luctus. Vivamus varius nec risus ut suscipit. Pellentesque ullamcorper massa sed justo pretium laoreet. Nunc tempus quis mi nec volutpat. Fusce sit amet justo sem. Nulla et magna cursus, rutrum metus ac, suscipitnulla. Nullam volutpat consequat dolor vel feugiat.</p><p style=\"padding: 0px; text-align: justify; color: rgb(0,0, 0); font-family: &quot;Open Sans&quot;, Arial, sans-serif; margin-bottom: 15p;\">ed epta uam, sit amet frinil x.Nulla est nibh,tepu i',3),(26,1,2,' comod in,convallis sit ame est. ed dui nisl, egestas id portior t,euismod id mauris. Sed ipsum diam, tincidunt sed solicitdin posuere, rutrum id justo. Curabitur maximusaliquet ipsum at posuere. Sed a volutpat felis, el posuere nisl. Vestibulum facilisis elementum lectus at tincidunt. Integer in magna purus. Pellentesque blndit metus et massa tincidunt viverra.</p></div></div></div></div></div></div></div></div></div></div></div>\n															\n													    <script>\n													    $.getScript(\'http://mindmup.github.io/bootstrap-wysiwyg/external/jquery.hotkeys.js\',function(){\n													    	$.getScript(\'http://mindmup.github.io/bootstrap-wysiwyg/bootstrap-wysiwyg.js\',function(){\n												\n													    	  $(\'#editor-241\').wysiwyg({ toolbarSelctor: \'[data-role=editor-241-toolbar]\'} );\n												    	  $(\'#editor-241\').clanHtml();\n											\n													    	});\n													    });\n													    </script>\n													    \n										  													\n											',4),(27,1,1,'Simple 1 p2',1),(27,1,2,'This question deserve an explanation.',1),(29,1,1,'Option 1',1),(30,1,1,'Option 2',1),(31,1,1,'Option 3',1),(32,1,1,'Scale 1 p3',1),(33,1,1,'Simple 1 p4',1),(35,1,1,'Option 1',1),(36,1,1,'Option 2',1),(37,1,1,'body content',1),(37,1,2,'<div style=\"text-align: center;\"><font size=\"5\">Thanks you for fill the questionnarie!!!</font></div>',1),(38,1,1,'Second Survey',1),(38,1,2,'',1),(39,1,1,'First Section',1),(40,1,1,'body content',1),(40,1,2,'<p style=\"text-align: left; margin-bottom: 15px; padding: 0px; color: rgb(0, 0, 0);\" align=\"left\"><span style=\"text-align: justify;\"><b><font face=\"Comic Sans MS\"><font face=\"Arial\" size=\"5\">INTRODUCCIN</font><br></font></b></span></p><p style=\"text-align: left; margin-bottom: 15px; padding: 0px; color: rgb(0, 0, 0);\" align=\"center\"><span style=\"text-align: justify;\"><b><font face=\"Comic Sans MS\">ipsum dolor sit amet,</font> </b><font face=\"Open Sans, Arial, sans-serif\">consectetur adipiscing elit. Curabitur condimentum libero ac arcu hendrerit, quis tincidunt libero faucibus. Phasellus egestas nulla ut dui convalis volutpat. Nullam augue nisi, tincidunt ac leo hendrerit, sagittis dictum odio. Maecenas porta nunc quis augue mollis, at ornare elit fermentum. Donec at venenatis justo, ut scelerisque nunc. Aliquam libero nisl, imperdiet sed vulputate sit amet, imperdiet eu nulla. In ut nulla elit. In a iaculis ant. Curabitur massa risus, venenatis volutpat lacinia ac, tincidunt non lectu',1),(40,1,2,'. Donec pharetra sapiencus laoreet finibus.</font></span></p><p style=\"margin-bottom: 15px; padding: 0p text-align: justify; colrront-familyquot;Open Sans&quot;, Arial, sans-serif;\">Vestibulum eget massa nisi. Nunc id ante erat. Nulla id sem scelerisque, bibendum lacus vitae, auctor mass. Praesent volutpat nibh erat, eget cursus dui consequat vehicula. Curabitur vehicula rutrum mi sed pretium. Suspendisse aliquet viverra metus, non scelerisque quam aliquet at. Duis semper risus in sem cursus, et sagittis nisl blandit. Nulla eu pulvinar arcu.</p><p style=\"margin-bottom: 15px; padding: 0px; text-align: ustify; color: rgb(0, 0, 0); font-family: &quot;Open Sans&quot;, Arial, sans-serif;\">Quisque vulputate consectetur eros a interdum. Fusce sodales nibh vel tincidunt mattis. In et magna odio. Vivamus id nisi et mi accumsan viverra. Etiam sollicitudin, urna ac aliquet porttitor, quam metus ultricies augu, vel congue tortor nibh et ante. Ut eget nunc eu mi pulvinar sodales. Proin sollcitudin',2),(40,1,2,'est ornare codmu lacinia. In vehicula vitae diam eget placerat. Vivamus faucibus leo ullamcorper nequ estibulua cneute letsu. Sd eleifend pulvinar rutrum.</p><p style=\"margin-bottom: 15px; padding: 0px; text-align: justify; color: rgb(0, 0, 0); font-family:&quot;Open Sans&quot;, Arial, sans-serif;\">Nam vitae sodales ex, a ornare mauris. Nam pulvinar lobortis ipsum, in lacinia mauris dapibus eu. Praesent id malesuada mauris, in dictum sapien. Ut posuere, arcu sit amet convallis bibendum, erat justo placerat nunc, id gravida ipsum neque pulvinar elit. Phasellus sit amet erat a ibero auctor luctus. Vivamus varius nec risus ut suscipit. Pellentesque ullamcorper massa sed justo pretium laoreet. Nunc tempus quis mi nec volutpat. Fusce sit amet justo sem. Nulla et magna cursus, rutrum metus ac, suscipit nulla. Nullam volutpat consequat dolor vel feugiat.</p><p style=\"margin-bottm: 15px; padding: 0px; text-align: justify; color: rgb(0, 0, 0); font-family: quot;Open Sans&quot;, Aria, an-sif\">S',3),(40,1,2,'d et porta quam, sit amet fringilla ex. Nulla est nibh, tempus id commodo in, convallis sit aett.Seu sl eesasidpottto u, euimod id mauris. Sed ipsum diam, tincidunt sed sollicitudin posuere, rutrum id justo. Curabitur maximus liquet ipsum at posuere. Sed a volutpat felis, vel posuere nisl. Vestibulum facilisis elementum lectus at tincidunt. Integer in magna purus. Pellentesque blandit metus et massa tincidunt viverra.</p>',4),(41,1,1,'Simple 1 p2',1),(41,1,2,'Poner el dibujo de fondo ms difuso en intro Ttulo de encuesta y seccin llama mucho la atencin cuando ests con el foco en una pregunta\nFlecha para bajar es muy redundante en el centro. Buscar otra ubicacin, tal vez lateral, pero al ser redonda no se identifica como un control.\n',1),(43,1,1,'',1),(44,1,1,'',1),(45,1,1,'body content',1),(45,1,2,'lalala',1),(46,1,1,'Simple 1 p3',1),(48,1,1,'O 11',1),(49,1,1,'O 21',1),(51,1,1,'O 31',1),(53,1,1,'Prueba maquetacin tal y cual porque s y ya est',1),(53,1,2,'',1),(55,1,1,'Simple 1 p2',1),(56,1,9,'Other 1',1),(60,1,1,'Option 2',1),(62,1,1,'Option 1',1),(64,1,1,'Option 1',1),(65,1,1,'Option 1',1),(66,1,1,'Option 1',1),(67,1,1,'O1',1),(68,1,1,'O2',1),(69,1,1,'O3',1),(70,1,1,'O1',1),(71,1,1,'o1',1),(72,1,1,'asdf',1),(73,1,1,'sdfas',1),(74,1,1,'dfasdfsda',1),(75,1,1,'uyuyuu',1),(76,1,1,'o1',1),(77,1,1,'retrert',1),(78,1,1,'gsdfgsdf',1),(79,1,1,'e',1),(80,1,1,'asdf',1),(81,1,1,'fdas',1),(82,1,1,'asd',1),(83,1,1,'dsa',1),(84,1,1,'asdfas',1),(85,1,1,'Option 1',1),(86,1,1,'Option 2',1),(87,1,1,'dsaf',1),(88,1,1,'asasa',1),(89,1,1,'Simple 2 p2',1),(91,1,1,'Option 1',1),(92,1,1,'Option 2',1),(93,1,1,'Simple 2 p3',1),(97,1,1,'Paragraph 1 p2',1),(98,1,1,'Form field 1 p2',1),(99,1,1,'body content',1),(99,1,2,'asdfasdfasdfasfasdfsdfsdfasdfsdfsdvzxcvzxcvzxcvzxc',1),(100,1,1,'asdfsdsd',1),(101,1,1,'asdfasdfas',1),(102,1,1,'asdfasdfasd',1),(103,1,1,'ssss',1),(105,1,1,'asdf',1),(107,1,1,'fda',1),(108,1,1,'sdasdasdasdf',1),(108,1,2,'',1),(110,1,1,'body content',1),(110,1,2,'asdfadsfa',1),(111,1,1,'asdfasdf',1),(112,1,1,'ssss',1),(114,1,1,'ssssd',1),(115,1,1,'ssssgf',1),(116,1,1,'asfasdf',1),(118,1,1,'Options 1',1),(120,1,1,'ssdd',1),(121,1,1,'dddd',1),(122,1,1,'Simple 1 p3',1),(124,1,1,'asasdf',1),(126,1,1,'Simple 2 p3',1),(128,1,1,'asdsf',1),(129,1,1,'asdf',1),(130,1,1,'asdfsd',1),(131,1,1,'ssss',1),(132,1,1,'body content',1),(132,1,2,'Gracias',1),(133,1,1,'Multiple 1 p4',1),(135,1,1,'OM1',1),(136,1,1,'OM2',1),(137,1,1,'Buttons',1),(137,1,3,'Buttons focused',1),(138,1,1,'OM2',1),(139,1,1,'Form field Numeric 1 p2',1),(140,1,1,'Paragraph 1 p2',1),(141,1,1,'FormField 1 p2',1),(142,1,1,'Multiple 1 p2',1),(143,1,1,'Matrix 1 p2',1),(145,1,1,'',1),(146,1,1,'',1),(147,1,1,'i1',1),(148,1,1,'i2',1),(149,1,1,'c1',1),(150,1,1,'c2',1),(151,1,1,'Scale 1 p2',1),(153,1,1,'sdfasf',1),(154,1,1,'s2',1),(155,1,1,'s3',1),(156,1,1,'s1',1),(157,1,1,'s2',1),(158,1,1,'s3',1),(159,1,1,'p1',1),(160,1,1,'s4',1),(161,1,1,'s5',1),(162,1,1,'s5',1),(163,1,1,'s6',1),(164,1,1,'s6',1),(165,1,1,'s7',1),(166,1,1,'s6',1),(167,1,1,'s7',1),(168,1,1,'s7',1),(169,1,1,'s7',1),(170,1,1,'s6',1),(171,1,1,'sfdsdf',1),(172,1,1,'body content',1),(172,1,2,'safsdfasdf',1),(173,1,1,'asdfasd',1),(174,1,1,'safasd',1),(175,1,1,'Simple 1 p4',1),(176,1,1,'Simple 1 p4',1),(177,1,1,'Simple 1 p5',1),(178,1,1,'Multiple 1 p4',1),(179,1,1,'Matrix 1 p4',1),(180,1,1,'Simple 1 p5',1),(181,1,1,'Simple 1 p5',1),(182,1,1,'Simple 3 p3',1),(184,1,1,'sadf',1),(185,1,1,'sdfad',1),(186,1,1,'Simple 3 p3',1),(187,1,1,'Simple 3 p3',1),(188,1,1,'Simple 3 p3',1),(189,1,1,'Simple 3 p3',1),(190,1,1,'Simple 3 p3 asd dfsadfasd asdfasdf asdfasd sdasad dsfasdfsd sadsas fddfsdasdfa ',1),(191,1,9,'Other (more)',1),(192,1,1,'',1),(193,1,1,'Buttons',1),(193,1,3,'Buttons alt',1),(194,1,1,'',1),(195,1,1,'Ctrl ratn',1),(195,1,3,'Ctrl Raton alt',1),(196,1,1,'sdfad',1),(197,1,1,'sadsdfds',1),(198,1,1,'ksjdfaskdjha',1),(199,1,1,'ksdlfasdlkfj',1),(201,1,1,'asdfas',1),(201,1,3,'sdfasd',1),(202,1,1,'asfdd',1),(202,1,3,'fgh',1),(203,1,1,'Multiple 1 p3',1),(205,1,1,'',1),(206,1,1,'fsdf',1),(206,1,3,'sadfas',1),(207,1,1,'',1),(208,1,1,'asdfasd',1),(208,1,3,'asdf',1),(210,1,1,'asdf',1),(210,1,3,'fdwsa',1),(212,1,1,'cubo',1),(212,1,3,'cubo alt',1),(214,1,1,'prendi',1),(214,1,3,'prendi alt',1),(251,1,1,'Simple 1 p3',1),(263,1,1,'',1),(264,1,1,'Ratn',1),(264,1,3,'ratn alt',1),(265,1,1,'Cancin',1),(265,1,2,'',1),(267,1,1,'Saltn',1),(267,1,2,'',1),(269,1,1,'Saltn question',1),(270,1,1,'Cancin poll',1),(270,1,5,'Agradecido',1),(270,1,6,'Ayudanos',1),(270,1,7,'aqu',1),(271,1,1,'Elige una opcin',1),(275,1,1,'Cancin 2',1),(275,1,2,'',1),(277,2,1,'Cancin',1),(277,2,2,'',1),(278,2,1,'Section one',1),(279,1,1,'Saltn',1),(279,1,2,'Descripcin de saltn',1),(285,1,1,'buttons',1),(285,1,3,'safsdfsdfsads',1),(286,1,1,'ratn',1),(286,1,3,'asdfa',1),(289,1,1,'Cancin',1),(289,1,5,'gracias',1),(289,1,6,'ayudanos',1),(289,1,7,'ve aqu',1),(290,1,1,'dsfasdfasdf',1),(294,1,1,'gdsf',1),(294,1,5,'sdfgs',1),(294,1,6,'sdf',1),(295,1,1,'dsfgs',1),(297,1,1,'dsfgsd',1),(298,1,1,'dsfgsdf',1),(299,1,1,'sdfgsdfgsdf',1),(299,1,5,'dfgsd',1),(299,1,6,'dfg',1),(299,1,7,'dfg',1),(300,1,1,'dsfgsdfgsd',1),(302,1,1,'sdfgsd',1),(303,1,1,'dfgsd',1),(305,1,1,'asdfasdfa',1),(305,1,5,'sdfasdf',1),(305,1,6,'sdf',1),(305,1,7,'sdfasd',1),(306,1,1,'sdfasdfsd',1),(308,1,1,'sdfsa',1),(309,1,1,'sdfas',1),(310,1,1,'safdasdw',1),(312,1,1,'asdfasdfasd',1),(314,1,1,'asdfa',1),(315,1,1,'sdfasd',1),(316,1,1,'body content',1),(316,1,2,'asdfasdfasdf',1),(319,1,1,'Option 2',1),(320,1,1,'Option 1',1),(321,1,1,'',1),(322,1,1,'',1),(323,1,1,'Om1g',1),(327,1,1,'Cloud4all',1),(327,1,3,'Cloud4all researchers',1),(329,1,1,'body content',1),(335,1,1,'Simple 3 p3',1),(337,1,1,'sdfaasd',1),(340,1,1,'c2',1),(341,1,1,'c2',1),(342,1,1,'c2',1),(343,1,1,'c2',1),(344,1,1,'i3',1),(347,1,1,'aaaa',1),(349,1,1,'Multiple 2 p2',1),(350,1,1,'Multiple 2 p2',1),(351,1,1,'asdfdsa',1),(352,1,1,'asfdsdfsa',1),(353,1,1,'asdfasd',1),(354,1,1,'asdfa',1),(355,1,1,'asdf',1),(356,1,1,'asdfasd',1),(380,1,1,'asfd',1),(381,1,1,'aasdfasd',1),(384,1,1,'i3',1),(387,1,1,'asds',1),(388,1,1,'adasd',1),(395,1,1,'13',1),(396,1,1,'asdfad',1),(397,1,1,'asdfasdfsad',1),(398,1,1,'qwree',1),(399,1,1,'sadsdasassdssdsdadsasdadsdssd',1),(400,1,1,'ASDSFAD',1),(403,1,1,'sdfddfdf',1),(404,1,1,'asdsadas',1),(410,1,1,'Second Section',1),(411,1,1,'Third Section',1),(413,1,1,'Scale 1 p 5 s2',1),(414,1,1,'Scale 1 p6 s3',1),(425,1,1,'Second Section',1),(427,1,1,'asdf',1),(428,1,1,'fasdfa',1),(429,1,1,'sadfd',1),(430,1,1,'asdf',1),(437,1,1,'Section 3',1),(438,1,1,'body content',1),(438,1,2,'Fin',1),(439,1,1,'Pensativo',1),(439,1,3,'Emoticono pensativo',1),(440,1,1,'Riendo',1),(440,1,3,'Emoticono riendo',1),(441,1,1,'Option 1',1),(445,1,1,'Option 2',1),(446,1,1,'Simple Cochess',1),(449,1,1,'Auris',1),(450,1,1,'Corolla',1),(452,1,1,'Section 4',1),(453,1,1,'final',1),(454,1,1,'simple test',1),(456,1,1,'asdfasdfasdfasdfasdfasdf',1),(478,1,1,'Om2',1),(480,1,1,'Om3',1),(493,1,1,'asdfas',1),(493,1,3,'asdfs',1),(494,1,1,'asdfas',1),(494,1,3,'asdfad',1),(495,1,1,'body content',1),(496,1,1,'Paragraph 2',1),(497,1,1,'asdf',1),(500,1,1,'asdfad',1),(501,1,1,'asdfasdfa',1),(502,1,1,'aaaaaa',1),(503,1,1,'sssss',1),(504,1,1,'sssss',1),(505,1,1,'sssss',1),(506,1,1,'ssssss',1),(507,1,1,'llllll',1),(508,1,1,'Survey 7',1),(508,1,2,'',1),(510,1,1,'Survey 8',1),(510,1,2,'',1),(512,1,1,'Survey 9',1),(512,1,2,'',1),(514,1,1,'Survey 10',1),(514,1,2,'',1),(516,1,1,'Survey 11',1),(516,1,2,'',1),(518,1,1,'ASDDASAS',1),(519,1,1,'OBDC, La ltima flor',1),(519,1,2,'Comparsa la ltima flor',1),(521,1,1,'ResolHogar',1),(521,1,3,'ResoHogar',1),(525,1,1,'',1),(526,1,1,'asd',1),(526,1,3,'dsa',1),(528,1,1,'test Dependences',1),(530,1,1,'td1',1),(531,1,1,'td2',1),(532,1,1,'dep test',1),(534,1,1,'dt1',1),(535,1,1,'dt2',1),(536,1,1,'test dep logic',1),(538,1,1,'tdl1',1),(539,1,1,'tdl2',1),(540,1,1,'test',1),(541,1,1,'test',1),(543,1,1,'aaa',1),(544,1,1,'sss',1),(545,2,1,'body content',1),(546,2,1,'body content',1),(547,1,1,'Test',1),(551,1,1,'Op3',1),(552,1,1,'Op4',1),(553,2,1,'Section two',1),(554,2,1,'e1',1),(555,2,1,'e2',1),(556,2,1,'e3',1),(557,2,1,'Section 2',1),(558,2,1,'body content',1),(559,2,1,'body content',1),(560,2,1,'body content',1),(561,2,1,'body content',1),(562,2,1,'body content',1),(562,2,2,'qweerwqqwerqwerqwerqwerqwerqwerwqr',1),(563,2,1,'scale1',1),(564,2,1,'Section 2',1),(565,2,1,'simple1',1),(567,2,1,'o1',1),(568,2,1,'o2',1),(569,2,1,'adasds',1),(570,2,1,'Section 2',1),(571,2,1,'s2',1),(572,2,1,'s3',1),(573,2,1,'Section 2',1),(574,2,1,'s1',1),(575,2,1,'s2',1),(576,2,1,'Section 3',1),(577,2,1,'s3',1),(578,2,1,'o3',1),(579,2,1,'Section 3',1),(580,2,1,'s4',1),(581,2,1,'s5',1),(582,2,1,'s6',1),(583,2,1,'Section 3',1),(584,2,1,'s2',1),(585,2,1,'s3',1),(586,2,1,'Section 3',1),(587,2,1,'s4',1),(588,2,1,'Section 2',1),(589,2,1,'simple2',1),(591,2,1,'ss1',1),(592,2,1,'ss2',1),(593,2,1,'Section 3',1),(594,2,1,'s2',1),(595,1,1,'Poll1',1),(595,1,5,'asdfdsa',1),(595,1,6,'fdsasdf',1),(595,1,7,'ssaasddssd',1),(596,1,1,'sadfasdfas',1),(598,1,1,'asd',1),(599,1,1,'dsa',1),(600,1,1,'aaa',1),(601,1,1,'sdasdasd',1),(601,1,5,'sdasdasda',1),(601,1,6,'sdasdasda',1),(601,1,7,'sadsaddas',1),(602,1,1,'sdasadsda',1),(604,1,1,'sadasdsda',1),(605,1,1,'sadsdasda',1),(606,1,1,'sdasdasda',1),(607,1,1,'pol2',1),(607,1,5,'sdfsdfsdfsda',1),(607,1,6,'sdsdffsd',1),(607,1,7,'dssdfafds',1),(608,1,1,'asdfasdfasd',1),(610,1,1,'asdfasdf',1),(611,1,1,'asdfasd',1),(612,1,1,'asdfasd',1),(613,1,1,'pol3',1),(613,1,5,'asdfa',1),(613,1,6,'asdfas',1),(613,1,7,'asdfas',1),(614,1,1,'sadf',1),(616,1,1,'sdf',1),(617,1,1,'asdfas',1),(618,1,1,'p4',1),(618,1,5,'asfdasf',1),(618,1,6,'asdfasd',1),(618,1,7,'asdfa',1),(619,1,1,'fasdfa',1),(621,1,1,'asdfsd',1),(622,1,1,'sadfd',1),(623,1,1,'asd',1),(624,1,1,'sd',1),(626,1,1,'sad',1),(627,1,1,'asd',1),(628,1,1,'pol6',1),(628,1,5,'dsaasdfasd',1),(628,1,6,'asdfasdf',1),(628,1,7,'aasdfasd',1),(629,1,1,'asdfasdfasd',1),(631,1,1,'sdfsdfas',1),(632,1,1,'asdfasdfasd',1),(633,1,1,'pol10',1),(633,1,5,'asdfa',1),(633,1,6,'asdf',1),(633,1,7,'asdf',1),(634,1,1,'fasdf',1),(636,1,1,'sadfas',1),(637,1,1,'asdf',1),(638,1,1,'Emo pensativo 2',1),(638,1,3,'emoticono pensativo 2',1),(639,1,1,'Survey 12',1),(639,1,2,'',1),(641,1,1,'Survey 13',1),(641,1,2,'l',1),(642,1,1,'Seccin 1g',1),(643,1,1,'Parafo page1',1),(644,1,1,'form g',1),(645,1,1,'simple',1),(647,1,1,'gato',1),(648,1,1,'matriz',1),(649,1,1,'ggb',1),(650,1,1,'bg',1),(651,1,1,'multi',1),(653,1,1,'1',1),(654,1,1,'asd',1),(654,1,3,'dsa',1),(655,1,1,'2',1),(656,1,1,'asdasdfasdf',1),(657,1,1,'SDAFASDFASDFSA',1),(658,1,1,'ASDFASDFASASDFASDFASDFAD',1),(659,1,1,'ASDFASDFASD',1),(660,1,1,'OTRA',1),(661,1,1,'ASDFASDFASD',1),(662,1,1,'body content',1),(662,1,2,'asfasdfasdfasdfsa',1),(663,1,1,'S1p2',1),(664,1,1,'body content',1),(665,1,1,'s2p3',1),(666,1,1,'m1',1),(667,1,1,'asdfasdf',1),(668,1,1,'s3',1),(669,1,1,'m1',1),(670,1,1,'s4',1),(671,1,1,'asdfsad',1),(672,1,1,'otra',1),(673,1,1,'Section 2',1),(674,1,1,'test',1),(676,1,1,'Op1',1),(677,1,1,'Op2',1),(681,1,1,'Test form field',1),(682,1,1,'Section 4',1),(683,1,1,'sdafad',1),(684,1,1,'lalalala',1),(685,1,1,'Simple 1',1),(686,1,1,'simple 2',1),(689,1,1,'op1',1),(690,1,1,'simple 1',1),(691,1,1,'simple 2',1),(693,1,1,'op1',1),(694,1,1,'op2',1),(695,1,1,'op3',1),(696,1,1,'Simple 1',1),(698,1,1,'Op1',1),(699,1,1,'Op2',1),(700,1,1,'Simple 2',1),(701,1,1,'Section 2',1),(702,1,1,'Simple 3',1),(703,1,1,'Simple 4',1),(705,1,1,'opt1',1),(706,1,1,'Section 3',1),(707,1,1,'Simple 5',1),(709,1,1,'o1',1),(710,1,1,'o2',1),(711,1,1,'Simple 6',1),(712,1,1,'Simple 7',1),(713,1,1,'Simple 6',1),(714,1,1,'Simple 6',1),(715,1,1,'Simple 6',1),(716,1,1,'Simple 6',1),(717,1,1,'Simple 6',1),(718,1,1,'Simple 7',1),(719,1,1,'Simple 8',1),(720,1,1,'Simple 8',1),(721,1,1,'Simple 8',1),(722,1,1,'Simple 9',1),(723,1,1,'simple 1',1),(724,1,1,'Simple 2',1),(725,1,1,'Simple 3',1),(726,1,1,'Simple 3',1),(727,1,1,'Simple 2',1),(728,1,1,'adassd',1),(729,1,1,'Simple 1',1),(730,1,1,'Simple 3',1),(731,1,1,'Simple 2',1),(732,1,1,'Simple 3',1),(733,1,1,'sdfasd',1),(734,1,1,'Simple 2',1),(735,1,1,'Simple 2',1),(736,1,1,'Simple 2',1),(737,1,1,'Simple 2',1),(738,1,1,'Simple 3',1),(739,1,1,'Simple 2',1),(740,1,1,'Simple 3',1),(741,1,1,'Simple 4',1),(742,1,1,'Simple 5',1),(743,1,1,'Section 2',1),(744,1,1,'Simple 6',1),(745,1,1,'Section 2',1),(746,1,1,'Simple 3',1),(747,1,1,'lalala',1),(748,1,1,'hhhh',1),(749,1,1,'Simple 2',1),(750,1,1,'sdfasdfa',1),(751,1,1,'fasdafasdf',1),(752,1,1,'Simple 3',1),(753,1,1,'paragraph',1),(755,1,1,'Opt1',1),(757,1,1,'Opt3',1),(758,1,1,'Form field number',1),(759,1,1,'asdfad',1),(760,1,1,'Section 2',1),(761,1,1,'Simple 3',1),(762,1,1,'Section 2',1),(763,1,1,'Section 2',1),(764,1,1,'asd',1),(765,1,1,'Section 2',1),(766,1,1,'Section 2',1),(767,1,1,'Section 2',1),(768,1,1,'Simple 3',1),(769,1,1,'Multiple 1',1),(770,1,1,'Section 2',1),(771,1,1,'Section 3',1),(772,1,1,'asdfasd',1),(773,1,1,'Section 2',1),(774,1,1,'Section 2',1),(775,1,1,'Section 2',1),(776,1,1,'Section 2',1),(777,1,1,'Section 2',1),(778,1,1,'asdfsa',1),(779,1,1,'sadfasd',1),(780,1,1,'Section 2',1),(781,1,1,'asdfsda',1),(783,1,1,'Op11',1),(784,1,1,'Op12',1),(786,1,1,'Op21',1),(787,1,1,'Op22',1),(788,1,1,'Simple 3',1),(790,1,1,'Op31',1),(791,1,1,'Op32',1),(792,1,1,'Simple 4',1),(794,1,1,'Op41',1),(795,1,1,'Op42',1),(796,1,1,'Section 2',1),(797,1,1,'Simple 5',1),(799,1,1,'Op51',1),(800,1,1,'Op52',1),(801,1,1,'Simple 6',1),(803,1,1,'Op61',1),(804,1,1,'Op62',1),(805,1,1,'Section 3',1),(806,1,1,'Simple 7',1),(808,1,1,'Op71',1),(809,1,1,'Op72',1),(810,1,1,'Survey 13',1),(810,1,2,'',1),(812,1,1,'Simple 1',1),(814,1,1,'op11',1),(815,1,1,'',1),(816,1,1,'Simple 2',1),(818,1,1,'op21',1),(819,1,1,'op22',1),(820,1,1,'Simple 3',1),(822,1,1,'op31',1),(823,1,1,'op32',1),(824,1,1,'Section 2',1),(825,1,1,'Simple 4',1),(827,1,1,'Simple 41',1),(828,1,1,'Simple 42',1),(829,1,1,'Simple 5',1),(831,1,1,'op51',1),(832,1,1,'op52',1),(833,1,1,'Section 3',1),(834,1,1,'Simple 6',1),(836,1,1,'op61',1),(837,1,1,'op62',1),(838,1,1,'Section 4',1),(839,1,1,'Simple 7',1),(841,1,1,'op71',1),(842,1,1,'op72',1),(843,1,1,'Section 5',1),(844,1,1,'Simple 8',1),(846,1,1,'op81',1),(847,1,1,'op82',1),(848,1,1,'pensativo',1),(848,1,3,'emo pensativo',1),(849,1,1,'sonriente',1),(849,1,3,'Emo sonriente',1),(850,1,1,'',1),(851,1,1,'exclamacin',1),(851,1,3,'logo exclamacin',1),(852,1,1,'Section 6',1),(853,1,1,'body content',1),(853,1,2,'sdafasdfasdfasdfasdfsa',1),(854,1,1,'Simple 1',1),(856,1,1,'op11',1),(857,1,1,'op12',1),(858,1,1,'scale 1',1),(859,1,1,'Matrix 1',1),(860,1,1,'C1',1),(861,1,1,'C2',1),(862,1,1,'I1',1),(863,1,1,'I2',1),(864,1,1,'Matrix 1',1),(865,1,1,'c1',1),(866,1,1,'i1',1),(867,1,1,'c2',1),(868,1,1,'i2',1),(869,1,1,'Matrix 2',1),(870,1,1,'c1',1),(871,1,1,'i1',1),(872,1,1,'c2',1),(873,1,1,'i2',1),(874,1,1,'Firm field 1',1),(875,1,1,'Firm field 2',1),(876,1,1,'Matrix 3',1),(877,1,1,'c1',1),(878,1,1,'i1',1),(879,1,1,'c2',1),(880,1,1,'i2',1),(881,1,1,'matrix 4',1),(882,1,1,'c1',1),(883,1,1,'i1',1),(884,1,1,'c2',1),(885,1,1,'i2',1),(886,1,1,'long text 1',1),(887,1,1,'Survey g2 1',1),(887,1,2,'',1),(889,1,1,'Simple 1',1),(889,2,1,'Simple es 1',1),(890,1,1,'Simple 2',1),(890,2,1,'Simple es 2',1),(891,1,1,'Simple 3',1),(891,2,1,'Simple es 3',1),(893,1,1,'o11',1),(893,2,1,'op11',1),(894,1,1,'o12',1),(894,2,1,'op12',1),(896,1,1,'o21',1),(896,2,1,'op21',1),(897,1,1,'o22',1),(897,2,1,'op22',1),(899,1,1,'o31',1),(899,2,1,'op31',1),(900,1,1,'o32',1),(900,2,1,'op32',1),(901,1,1,'Seccin 2',1),(902,1,1,'safsad',1),(903,1,1,'Seccin 3',1),(904,1,1,'body content',1),(904,1,2,'<b>s</b>',1),(905,1,1,'Seccin 5',1),(906,1,1,'Seccin 5',1),(907,1,1,'Seccin 5',1),(908,1,1,'Simple test',1),(909,1,1,'asfasdfa',1),(910,1,1,'Simple',1),(911,1,1,'Pregunta 1',1),(912,1,1,'asdfasdfsa',1),(914,1,1,'op1',1),(915,1,1,'op2',1),(916,1,1,'Survey 14',1),(916,1,2,'',1),(917,1,1,'First Section',1),(918,1,1,'Survey 15',1),(918,1,2,'',1),(920,1,1,'Short answer 1',1),(921,1,1,'Long text 1',1),(922,1,1,'Multiple 1',1),(923,1,1,'Section 2',1),(924,1,1,'Long text 2',1),(925,1,1,'Simple',1),(926,1,1,'Matrix 1',1),(928,1,1,'Op1',1),(929,1,1,'Op2',1),(930,1,1,'I1',1),(931,1,1,'I2',1),(932,1,1,'C1',1),(933,1,1,'C2',1),(934,1,1,'Scale 1',1),(936,1,1,'op1',1),(937,1,1,'op2',1),(938,1,1,'body content',1),(938,1,2,'lalalalalalal<br>',1),(939,1,1,'nombre',1),(940,1,1,'email',1),(941,1,1,'telefono (opcional)',1),(942,1,1,'trira para atras',1),(943,1,1,'asdfasdf',1),(944,1,1,'asfasdfasdasdfa',1),(945,1,1,'dfasdfas',1),(946,1,1,'asfdasdsdfasd',1),(947,1,1,'asdsdasadasd',1),(948,1,1,'dasdfasd',1),(949,1,1,'asfsad',1),(950,1,1,'asdfasd',1),(951,1,1,'asdfasdf',1),(952,1,1,'aaaaa',1),(953,1,1,'sss',1),(954,1,1,'ddddd',1),(955,1,1,'mmmmmm',1),(956,1,1,'asdfasdfa',1),(957,1,1,'Long text',1),(958,1,1,'Asterisc',1),(958,1,3,'Asterisc red black',1),(959,1,1,'Multiple test',1),(961,1,1,'o1',1),(962,1,1,'o2',1),(963,1,1,'o3',1),(964,1,1,'Simple test',1),(965,1,9,'Other 3',1),(966,1,1,'o1',1),(967,1,1,'o2',1),(969,1,1,'Option 1',1),(971,1,1,'Option 2',1),(972,1,1,'Simple test 2',1),(973,1,9,'Other 2',1),(974,1,1,'Option 1',1),(975,1,1,'Option 2',1),(988,1,1,'Other Multiple test',1),(989,1,1,'gbb2',1),(990,1,1,'bg2',1),(991,1,1,'Option 1 s2p3',1),(992,1,1,'Option 2 s2p3',1),(993,1,1,'Other (Explain)',1),(994,1,1,'Multiple 1',1),(996,1,1,'OM11',1),(997,1,1,'OM12',1),(999,1,1,'Simple 1',1),(1001,1,1,'OS11',1),(1002,1,1,'OS12',1),(1028,1,1,'Other (more)',1);
/*!40000 ALTER TABLE `content` ENABLE KEYS */;
UNLOCK TABLES;

--
-- Table structure for table `contentindex`
--

DROP TABLE IF EXISTS `contentindex`;
/*!40101 SET @saved_cs_client     = @@character_set_client */;
/*!40101 SET character_set_client = utf8 */;
CREATE TABLE `contentindex` (
  `idContent` int(11) NOT NULL AUTO_INCREMENT,
  PRIMARY KEY (`idContent`)
) ENGINE=InnoDB AUTO_INCREMENT=1029 DEFAULT CHARSET=utf8;
/*!40101 SET character_set_client = @saved_cs_client */;

--
-- Dumping data for table `contentindex`
--

LOCK TABLES `contentindex` WRITE;
/*!40000 ALTER TABLE `contentindex` DISABLE KEYS */;
INSERT INTO `contentindex` VALUES (24),(25),(26),(27),(28),(29),(30),(31),(32),(33),(34),(35),(36),(37),(38),(39),(40),(41),(42),(43),(44),(45),(46),(47),(48),(49),(50),(51),(53),(54),(55),(56),(60),(61),(62),(63),(64),(65),(66),(67),(68),(69),(70),(71),(72),(73),(74),(75),(76),(77),(78),(79),(80),(81),(82),(83),(84),(85),(86),(87),(88),(89),(90),(91),(92),(93),(94),(97),(98),(99),(100),(101),(102),(103),(104),(105),(106),(107),(108),(109),(110),(111),(112),(113),(114),(115),(116),(117),(118),(120),(121),(122),(123),(124),(126),(127),(128),(129),(130),(131),(132),(133),(134),(135),(136),(137),(138),(139),(140),(141),(142),(143),(144),(145),(146),(147),(148),(149),(150),(151),(153),(154),(155),(156),(157),(158),(159),(160),(161),(162),(163),(164),(165),(166),(167),(168),(169),(170),(171),(172),(173),(174),(175),(176),(177),(178),(179),(180),(181),(182),(183),(184),(185),(186),(187),(188),(189),(190),(191),(192),(193),(194),(195),(196),(197),(198),(199),(201),(202),(203),(204),(205),(206),(207),(208),(210),(212),(214),(251),(252),(263),(264),(265),(266),(267),(268),(269),(270),(271),(272),(275),(276),(277),(278),(279),(280),(285),(286),(289),(290),(291),(294),(295),(296),(297),(298),(299),(300),(301),(302),(303),(304),(305),(306),(307),(308),(309),(310),(312),(313),(314),(315),(316),(319),(320),(321),(322),(323),(327),(329),(335),(336),(337),(340),(341),(342),(343),(344),(347),(349),(350),(351),(352),(353),(354),(355),(356),(373),(380),(381),(384),(387),(388),(395),(396),(397),(398),(399),(400),(403),(404),(405),(406),(407),(408),(409),(410),(411),(412),(413),(414),(415),(416),(417),(418),(419),(420),(421),(422),(423),(424),(425),(426),(427),(428),(429),(430),(431),(432),(433),(434),(435),(436),(437),(438),(439),(440),(441),(445),(446),(447),(449),(450),(452),(453),(454),(455),(456),(457),(462),(478),(480),(484),(488),(493),(494),(495),(496),(497),(500),(501),(502),(503),(504),(505),(506),(507),(508),(509),(510),(511),(512),(513),(514),(515),(516),(517),(518),(519),(521),(525),(526),(528),(529),(530),(531),(532),(533),(534),(535),(536),(537),(538),(539),(540),(541),(542),(543),(544),(545),(546),(547),(548),(551),(552),(553),(554),(555),(556),(557),(558),(559),(560),(561),(562),(563),(564),(565),(566),(567),(568),(569),(570),(571),(572),(573),(574),(575),(576),(577),(578),(579),(580),(581),(582),(583),(584),(585),(586),(587),(588),(589),(590),(591),(592),(593),(594),(595),(596),(597),(598),(599),(600),(601),(602),(603),(604),(605),(606),(607),(608),(609),(610),(611),(612),(613),(614),(615),(616),(617),(618),(619),(620),(621),(622),(623),(624),(625),(626),(627),(628),(629),(630),(631),(632),(633),(634),(635),(636),(637),(638),(639),(640),(641),(642),(643),(644),(645),(646),(647),(648),(649),(650),(651),(652),(653),(654),(655),(656),(657),(658),(659),(660),(661),(662),(663),(664),(665),(666),(667),(668),(669),(670),(671),(672),(673),(674),(675),(676),(677),(678),(681),(682),(683),(684),(685),(686),(687),(689),(690),(691),(692),(693),(694),(695),(696),(697),(698),(699),(700),(701),(702),(703),(704),(705),(706),(707),(708),(709),(710),(711),(712),(713),(714),(715),(716),(717),(718),(719),(720),(721),(722),(723),(724),(725),(726),(727),(728),(729),(730),(731),(732),(733),(734),(735),(736),(737),(738),(739),(740),(741),(742),(743),(744),(745),(746),(747),(748),(749),(750),(751),(752),(753),(754),(755),(757),(758),(759),(760),(761),(762),(763),(764),(765),(766),(767),(768),(769),(770),(771),(772),(773),(774),(775),(776),(777),(778),(779),(780),(781),(782),(783),(784),(785),(786),(787),(788),(789),(790),(791),(792),(793),(794),(795),(796),(797),(798),(799),(800),(801),(802),(803),(804),(805),(806),(807),(808),(809),(810),(811),(812),(813),(814),(815),(816),(817),(818),(819),(820),(821),(822),(823),(824),(825),(826),(827),(828),(829),(830),(831),(832),(833),(834),(835),(836),(837),(838),(839),(840),(841),(842),(843),(844),(845),(846),(847),(848),(849),(850),(851),(852),(853),(854),(855),(856),(857),(858),(859),(860),(861),(862),(863),(864),(865),(866),(867),(868),(869),(870),(871),(872),(873),(874),(875),(876),(877),(878),(879),(880),(881),(882),(883),(884),(885),(886),(887),(888),(889),(890),(891),(892),(893),(894),(895),(896),(897),(898),(899),(900),(901),(902),(903),(904),(905),(906),(907),(908),(909),(910),(911),(912),(913),(914),(915),(916),(917),(918),(919),(920),(921),(922),(923),(924),(925),(926),(927),(928),(929),(930),(931),(932),(933),(934),(935),(936),(937),(938),(939),(940),(941),(942),(943),(944),(945),(946),(947),(948),(949),(950),(951),(952),(953),(954),(955),(956),(957),(958),(959),(960),(961),(962),(963),(964),(965),(966),(967),(969),(971),(972),(973),(974),(975),(985),(988),(989),(990),(991),(992),(993),(994),(995),(996),(997),(999),(1000),(1001),(1002),(1026),(1028);
/*!40000 ALTER TABLE `contentindex` ENABLE KEYS */;
UNLOCK TABLES;

--
-- Table structure for table `contenttype`
--

DROP TABLE IF EXISTS `contenttype`;
/*!40101 SET @saved_cs_client     = @@character_set_client */;
/*!40101 SET character_set_client = utf8 */;
CREATE TABLE `contenttype` (
  `idContentType` int(11) NOT NULL AUTO_INCREMENT,
  `name` varchar(45) NOT NULL,
  PRIMARY KEY (`idContentType`)
) ENGINE=InnoDB AUTO_INCREMENT=10 DEFAULT CHARSET=utf8;
/*!40101 SET character_set_client = @saved_cs_client */;

--
-- Dumping data for table `contenttype`
--

LOCK TABLES `contenttype` WRITE;
/*!40000 ALTER TABLE `contenttype` DISABLE KEYS */;
INSERT INTO `contenttype` VALUES (1,'title'),(2,'description'),(3,'altText'),(4,'helpText'),(5,'ackText'),(6,'callText'),(7,'label'),(8,'other'),(9,'otherLabel');
/*!40000 ALTER TABLE `contenttype` ENABLE KEYS */;
UNLOCK TABLES;

--
-- Table structure for table `dependencetype`
--

DROP TABLE IF EXISTS `dependencetype`;
/*!40101 SET @saved_cs_client     = @@character_set_client */;
/*!40101 SET character_set_client = utf8 */;
CREATE TABLE `dependencetype` (
  `idDependenceType` int(11) NOT NULL AUTO_INCREMENT,
  `name` varchar(45) NOT NULL,
  PRIMARY KEY (`idDependenceType`)
) ENGINE=InnoDB AUTO_INCREMENT=3 DEFAULT CHARSET=utf8;
/*!40101 SET character_set_client = @saved_cs_client */;

--
-- Dumping data for table `dependencetype`
--

LOCK TABLES `dependencetype` WRITE;
/*!40000 ALTER TABLE `dependencetype` DISABLE KEYS */;
INSERT INTO `dependencetype` VALUES (1,'And'),(2,'Or');
/*!40000 ALTER TABLE `dependencetype` ENABLE KEYS */;
UNLOCK TABLES;

--
-- Table structure for table `favouritefilter`
--

DROP TABLE IF EXISTS `favouritefilter`;
/*!40101 SET @saved_cs_client     = @@character_set_client */;
/*!40101 SET character_set_client = utf8 */;
CREATE TABLE `favouritefilter` (
  `idCategory` int(11) NOT NULL,
  `idQuestion` int(11) NOT NULL,
  PRIMARY KEY (`idCategory`,`idQuestion`),
  KEY `fk_Filter_Question1_idx` (`idQuestion`),
  CONSTRAINT `fk_Filter_Category1` FOREIGN KEY (`idCategory`) REFERENCES `category` (`idCategory`) ON DELETE NO ACTION ON UPDATE NO ACTION,
  CONSTRAINT `fk_Filter_Question1` FOREIGN KEY (`idQuestion`) REFERENCES `question` (`idQuestion`) ON DELETE NO ACTION ON UPDATE NO ACTION
) ENGINE=InnoDB DEFAULT CHARSET=utf8;
/*!40101 SET character_set_client = @saved_cs_client */;

--
-- Dumping data for table `favouritefilter`
--

LOCK TABLES `favouritefilter` WRITE;
/*!40000 ALTER TABLE `favouritefilter` DISABLE KEYS */;
/*!40000 ALTER TABLE `favouritefilter` ENABLE KEYS */;
UNLOCK TABLES;

--
-- Table structure for table `forma`
--

DROP TABLE IF EXISTS `forma`;
/*!40101 SET @saved_cs_client     = @@character_set_client */;
/*!40101 SET character_set_client = utf8 */;
CREATE TABLE `forma` (
  `idForma` int(11) NOT NULL AUTO_INCREMENT,
  `idQuestionnaire` int(11) NOT NULL,
  `nombre` varchar(45) DEFAULT NULL,
  `ramdom` tinyint(1) NOT NULL DEFAULT '0',
  `numQuestion` tinyint(1) NOT NULL DEFAULT '0',
  `numPage` tinyint(1) NOT NULL DEFAULT '0',
  PRIMARY KEY (`idForma`),
  KEY `fk_Forma_Questionnaire1_idx` (`idQuestionnaire`),
  CONSTRAINT `fk_Forma_Questionnaire1` FOREIGN KEY (`idQuestionnaire`) REFERENCES `questionnaire` (`idQuestionnaire`) ON DELETE CASCADE ON UPDATE NO ACTION
) ENGINE=InnoDB AUTO_INCREMENT=52 DEFAULT CHARSET=utf8;
/*!40101 SET character_set_client = @saved_cs_client */;

--
-- Dumping data for table `forma`
--

LOCK TABLES `forma` WRITE;
/*!40000 ALTER TABLE `forma` DISABLE KEYS */;
INSERT INTO `forma` VALUES (32,3,NULL,0,0,0),(33,4,NULL,0,0,0),(34,5,NULL,0,0,0),(35,6,NULL,0,0,0),(39,10,NULL,0,0,0),(40,11,NULL,0,0,0),(41,12,NULL,0,0,0),(42,13,NULL,0,0,0),(43,14,NULL,0,0,0),(44,15,NULL,0,0,0),(45,16,NULL,0,0,0),(46,17,NULL,0,0,0),(47,18,NULL,0,0,0),(48,19,NULL,0,0,0),(49,20,NULL,0,0,0),(50,21,NULL,0,0,0),(51,22,NULL,0,0,0);
/*!40000 ALTER TABLE `forma` ENABLE KEYS */;
UNLOCK TABLES;

--
-- Table structure for table `language`
--

DROP TABLE IF EXISTS `language`;
/*!40101 SET @saved_cs_client     = @@character_set_client */;
/*!40101 SET character_set_client = utf8 */;
CREATE TABLE `language` (
  `idLanguage` int(11) NOT NULL AUTO_INCREMENT,
  `name` varchar(45) NOT NULL,
  `isoName` varchar(2) NOT NULL,
  PRIMARY KEY (`idLanguage`)
) ENGINE=InnoDB AUTO_INCREMENT=3 DEFAULT CHARSET=utf8;
/*!40101 SET character_set_client = @saved_cs_client */;

--
-- Dumping data for table `language`
--

LOCK TABLES `language` WRITE;
/*!40000 ALTER TABLE `language` DISABLE KEYS */;
INSERT INTO `language` VALUES (1,'English','en'),(2,'Espaol','es');
/*!40000 ALTER TABLE `language` ENABLE KEYS */;
UNLOCK TABLES;

--
-- Table structure for table `option`
--

DROP TABLE IF EXISTS `option`;
/*!40101 SET @saved_cs_client     = @@character_set_client */;
/*!40101 SET character_set_client = utf8 */;
CREATE TABLE `option` (
  `idOption` int(11) NOT NULL AUTO_INCREMENT,
  `idContent` int(11) NOT NULL,
  `creationDate` timestamp NOT NULL DEFAULT CURRENT_TIMESTAMP,
  `idResoruces` int(11) DEFAULT NULL,
  `otherOption` tinyint(4) NOT NULL DEFAULT '0',
  PRIMARY KEY (`idOption`),
  KEY `fk_Option_ContentIndex1_idx` (`idContent`),
  KEY `fk_Option_Resoruces1_idx` (`idResoruces`),
  CONSTRAINT `fk_Option_ContentIndex1` FOREIGN KEY (`idContent`) REFERENCES `contentindex` (`idContent`) ON DELETE NO ACTION ON UPDATE NO ACTION,
  CONSTRAINT `fk_Option_Resoruces1` FOREIGN KEY (`idResoruces`) REFERENCES `resoruces` (`idResoruces`) ON DELETE SET NULL ON UPDATE NO ACTION
) ENGINE=InnoDB AUTO_INCREMENT=339 DEFAULT CHARSET=utf8;
/*!40101 SET character_set_client = @saved_cs_client */;

--
-- Dumping data for table `option`
--

LOCK TABLES `option` WRITE;
/*!40000 ALTER TABLE `option` DISABLE KEYS */;
INSERT INTO `option` VALUES (14,43,'2016-10-04 15:50:08',38,0),(15,44,'2016-10-04 15:50:11',39,0),(16,48,'2016-10-05 09:34:00',NULL,0),(17,49,'2016-10-05 09:34:04',NULL,0),(18,51,'2016-10-05 10:21:29',NULL,0),(23,62,'2016-10-06 16:51:37',NULL,0),(24,64,'2016-10-06 17:02:42',NULL,0),(47,87,'2016-10-06 18:15:00',NULL,0),(48,88,'2016-10-06 18:15:11',NULL,0),(49,91,'2016-10-07 09:16:59',NULL,0),(50,92,'2016-10-07 09:17:03',NULL,0),(53,105,'2016-10-07 13:19:09',NULL,0),(54,107,'2016-10-07 13:19:10',NULL,0),(55,114,'2016-10-07 13:20:54',NULL,0),(56,115,'2016-10-07 13:20:56',NULL,0),(57,118,'2016-10-10 08:42:46',3,0),(59,120,'2016-10-10 08:43:07',NULL,0),(60,121,'2016-10-10 11:09:53',NULL,0),(61,124,'2016-10-10 11:10:56',NULL,0),(63,128,'2016-10-10 11:11:27',NULL,0),(66,131,'2016-10-10 11:44:43',NULL,0),(67,135,'2016-10-10 11:48:21',NULL,0),(69,138,'2016-10-10 12:18:22',NULL,0),(70,145,'2016-10-13 09:48:30',72,0),(71,146,'2016-10-13 09:48:33',73,0),(72,149,'2016-10-13 09:48:49',NULL,0),(74,184,'2016-10-17 08:45:52',NULL,0),(75,185,'2016-10-17 08:46:06',NULL,0),(111,263,'2016-10-18 11:47:57',37,0),(122,297,'2016-10-20 07:31:30',NULL,0),(123,298,'2016-10-20 07:31:30',NULL,0),(124,302,'2016-10-20 07:31:46',NULL,0),(125,303,'2016-10-20 07:31:46',NULL,0),(126,308,'2016-10-20 07:40:34',NULL,0),(127,309,'2016-10-20 07:40:34',NULL,0),(128,310,'2016-10-20 07:59:24',NULL,0),(130,314,'2016-10-20 07:59:42',NULL,0),(131,315,'2016-10-20 07:59:43',NULL,0),(134,319,'2016-11-04 11:41:01',NULL,0),(135,320,'2016-11-04 11:41:17',NULL,0),(136,321,'2016-11-10 10:21:55',111,0),(137,322,'2016-11-10 10:22:00',112,0),(138,323,'2016-11-10 10:22:18',NULL,0),(142,337,'2016-11-15 12:25:58',NULL,0),(147,343,'2016-11-15 15:17:49',NULL,0),(149,347,'2016-11-15 15:40:25',NULL,0),(150,403,'2016-11-23 15:55:48',NULL,0),(151,441,'2016-12-07 17:30:25',NULL,0),(155,445,'2016-12-07 17:32:14',NULL,0),(157,449,'2016-12-07 17:34:34',102,0),(158,450,'2016-12-07 17:34:49',101,0),(163,478,'2016-12-19 17:30:39',NULL,0),(164,480,'2016-12-19 17:31:02',NULL,0),(165,525,'2017-01-23 17:53:52',117,0),(166,530,'2017-01-24 12:35:44',NULL,0),(167,531,'2017-01-24 12:35:47',NULL,0),(168,534,'2017-01-24 12:39:42',NULL,0),(169,535,'2017-01-24 12:39:44',NULL,0),(170,538,'2017-01-24 16:44:15',NULL,0),(171,539,'2017-01-24 16:44:20',NULL,0),(172,543,'2017-01-25 12:43:51',NULL,0),(173,544,'2017-01-25 12:43:52',NULL,0),(176,551,'2017-01-25 16:21:00',NULL,0),(177,552,'2017-01-25 16:21:14',NULL,0),(178,567,'2017-01-25 16:54:57',NULL,0),(179,568,'2017-01-25 16:54:59',NULL,0),(180,578,'2017-01-25 17:07:03',NULL,0),(181,591,'2017-01-25 17:19:58',NULL,0),(182,592,'2017-01-25 17:20:00',NULL,0),(183,598,'2017-02-09 17:46:57',NULL,0),(184,599,'2017-02-09 17:46:57',NULL,0),(185,600,'2017-02-09 17:46:57',NULL,0),(186,604,'2017-02-09 17:47:14',NULL,0),(187,605,'2017-02-09 17:47:14',NULL,0),(188,606,'2017-02-09 17:47:14',NULL,0),(189,610,'2017-02-09 17:58:53',NULL,0),(190,611,'2017-02-09 17:58:53',NULL,0),(191,612,'2017-02-09 17:58:53',NULL,0),(192,616,'2017-02-09 18:10:40',NULL,0),(193,617,'2017-02-09 18:10:40',NULL,0),(194,621,'2017-02-09 18:11:40',NULL,0),(195,622,'2017-02-09 18:11:40',NULL,0),(196,626,'2017-02-09 18:14:33',NULL,0),(197,627,'2017-02-09 18:14:33',NULL,0),(198,631,'2017-02-09 18:16:53',NULL,0),(199,632,'2017-02-09 18:16:53',NULL,0),(200,636,'2017-02-09 18:17:12',NULL,0),(201,637,'2017-02-09 18:17:12',NULL,0),(202,647,'2017-02-15 16:12:52',NULL,0),(203,650,'2017-02-15 16:24:04',NULL,0),(204,653,'2017-02-15 17:36:55',113,0),(205,655,'2017-02-15 17:37:09',NULL,0),(206,676,'2017-02-16 17:53:04',NULL,0),(207,677,'2017-02-16 17:53:11',NULL,0),(211,689,'2017-02-17 13:05:12',NULL,0),(212,693,'2017-02-17 13:24:58',NULL,0),(213,694,'2017-02-17 13:25:05',NULL,0),(214,695,'2017-02-17 13:25:09',NULL,0),(215,698,'2017-02-17 13:26:10',NULL,0),(216,699,'2017-02-17 13:26:14',NULL,0),(217,705,'2017-02-17 13:28:43',NULL,0),(218,709,'2017-02-17 13:30:37',NULL,0),(219,710,'2017-02-17 13:30:40',NULL,0),(220,755,'2017-02-20 17:04:40',NULL,0),(222,757,'2017-02-20 17:04:54',NULL,0),(223,783,'2017-02-21 11:15:04',NULL,0),(224,784,'2017-02-21 11:15:11',NULL,0),(225,786,'2017-02-21 11:15:21',NULL,0),(226,787,'2017-02-21 11:15:27',NULL,0),(227,790,'2017-02-21 11:16:04',NULL,0),(228,791,'2017-02-21 11:16:07',NULL,0),(229,794,'2017-02-21 11:16:37',NULL,0),(230,795,'2017-02-21 11:16:41',NULL,0),(231,799,'2017-02-21 11:17:08',NULL,0),(232,800,'2017-02-21 11:17:14',NULL,0),(233,803,'2017-02-21 11:17:39',NULL,0),(234,804,'2017-02-21 11:17:44',NULL,0),(235,808,'2017-02-21 11:18:08',NULL,0),(236,809,'2017-02-21 11:18:12',NULL,0),(237,814,'2017-02-21 11:20:32',114,0),(238,815,'2017-02-21 11:20:36',115,0),(239,818,'2017-02-21 11:21:10',NULL,0),(240,819,'2017-02-21 11:21:13',NULL,0),(241,822,'2017-02-21 11:21:29',NULL,0),(242,823,'2017-02-21 11:21:33',NULL,0),(243,827,'2017-02-21 11:21:57',NULL,0),(244,828,'2017-02-21 11:22:02',NULL,0),(245,831,'2017-02-21 11:22:29',NULL,0),(246,832,'2017-02-21 11:22:33',NULL,0),(247,836,'2017-02-21 11:23:06',NULL,0),(248,837,'2017-02-21 11:23:09',NULL,0),(249,841,'2017-02-21 11:24:00',NULL,0),(250,842,'2017-02-21 11:24:03',NULL,0),(251,846,'2017-02-21 11:24:47',NULL,0),(252,847,'2017-02-21 11:24:50',NULL,0),(253,850,'2017-02-21 11:28:31',116,0),(254,856,'2017-02-21 17:14:59',NULL,0),(255,857,'2017-02-21 17:15:03',NULL,0),(256,860,'2017-02-22 10:57:33',NULL,0),(257,861,'2017-02-22 10:57:39',NULL,0),(258,865,'2017-02-22 11:02:07',NULL,0),(259,867,'2017-02-22 11:02:09',NULL,0),(260,870,'2017-02-22 11:03:54',NULL,0),(261,872,'2017-02-22 11:03:57',NULL,0),(262,877,'2017-02-22 11:18:59',NULL,0),(263,879,'2017-02-22 11:19:03',NULL,0),(264,882,'2017-02-22 11:22:33',NULL,0),(265,884,'2017-02-22 11:22:35',NULL,0),(266,893,'2017-02-22 12:37:08',NULL,0),(267,894,'2017-02-22 12:37:11',NULL,0),(268,896,'2017-02-22 12:37:13',NULL,0),(269,897,'2017-02-22 12:37:16',NULL,0),(270,899,'2017-02-22 12:37:18',NULL,0),(271,900,'2017-02-22 12:37:21',NULL,0),(272,914,'2017-02-27 11:57:31',NULL,0),(273,915,'2017-02-27 11:57:34',NULL,0),(274,928,'2017-02-27 12:48:49',NULL,0),(275,929,'2017-02-27 12:48:51',NULL,0),(276,932,'2017-02-27 12:49:03',NULL,0),(277,933,'2017-02-27 12:49:06',NULL,0),(278,936,'2017-02-27 12:50:03',NULL,0),(279,937,'2017-02-27 12:50:07',NULL,0),(280,961,'2017-03-09 08:55:47',NULL,0),(281,962,'2017-03-09 08:55:51',NULL,0),(282,963,'2017-03-09 08:55:58',NULL,0),(283,966,'2017-03-09 08:57:29',NULL,0),(284,967,'2017-03-09 08:57:35',NULL,0),(286,969,'2017-03-10 10:27:43',NULL,0),(288,971,'2017-03-10 10:31:04',NULL,0),(289,974,'2017-03-10 10:46:34',NULL,0),(290,975,'2017-03-10 10:46:39',NULL,0),(300,985,'2017-03-13 10:50:13',NULL,1),(303,988,'2017-03-13 12:33:12',NULL,1),(304,990,'2017-03-14 11:17:13',NULL,0),(305,991,'2017-03-14 11:17:21',NULL,0),(306,992,'2017-03-14 11:17:37',NULL,0),(307,993,'2017-03-14 11:20:17',NULL,1),(308,996,'2017-03-14 11:23:52',NULL,0),(309,997,'2017-03-14 11:24:03',NULL,0),(311,1001,'2017-03-14 11:24:30',NULL,0),(312,1002,'2017-03-14 11:24:34',NULL,0),(336,1026,'2017-03-15 10:11:26',NULL,1),(338,1028,'2017-03-15 10:42:29',NULL,1);
/*!40000 ALTER TABLE `option` ENABLE KEYS */;
UNLOCK TABLES;

--
-- Table structure for table `optionsbygroup`
--

DROP TABLE IF EXISTS `optionsbygroup`;
/*!40101 SET @saved_cs_client     = @@character_set_client */;
/*!40101 SET character_set_client = utf8 */;
CREATE TABLE `optionsbygroup` (
  `idOptionsGroup` int(11) NOT NULL,
  `idOption` int(11) NOT NULL,
  `index` int(11) NOT NULL,
  PRIMARY KEY (`idOptionsGroup`,`idOption`),
  KEY `fk_optionsByGroup_Options_idx` (`idOption`),
  KEY `fk_optionsByGroup_OptionsGroup_idx` (`idOptionsGroup`),
  CONSTRAINT `fk_optionsByGroup_Options` FOREIGN KEY (`idOption`) REFERENCES `option` (`idOption`) ON DELETE CASCADE ON UPDATE CASCADE,
  CONSTRAINT `fk_optionsByGroup_OptionsGroup` FOREIGN KEY (`idOptionsGroup`) REFERENCES `optionsgroup` (`idOptionsGroup`) ON DELETE CASCADE ON UPDATE CASCADE
) ENGINE=InnoDB DEFAULT CHARSET=utf8;
/*!40101 SET character_set_client = @saved_cs_client */;

--
-- Dumping data for table `optionsbygroup`
--

LOCK TABLES `optionsbygroup` WRITE;
/*!40000 ALTER TABLE `optionsbygroup` DISABLE KEYS */;
INSERT INTO `optionsbygroup` VALUES (11,47,1),(11,48,2),(13,14,1),(13,15,2),(14,16,1),(14,17,2),(14,18,3),(15,286,1),(15,288,2),(15,336,999),(18,49,1),(18,50,2),(19,305,1),(19,306,2),(20,53,1),(20,59,2),(21,54,2),(21,60,2),(22,55,1),(22,56,2),(23,57,1),(23,111,2),(24,61,1),(25,63,1),(25,66,2),(26,67,1),(26,69,2),(27,70,1),(27,71,2),(28,72,1),(28,147,2),(29,72,1),(29,147,2),(30,74,1),(30,75,2),(31,136,1),(31,137,2),(31,165,3),(31,300,999),(32,138,1),(32,163,2),(32,164,3),(33,128,1),(33,150,2),(34,134,1),(34,135,1),(35,151,1),(35,155,3),(36,122,1),(36,123,2),(37,124,1),(37,125,2),(38,126,1),(38,127,2),(39,130,1),(39,131,2),(40,142,1),(40,149,2),(43,157,1),(43,158,2),(44,166,1),(44,167,2),(45,168,1),(45,169,2),(46,170,1),(46,171,2),(47,172,1),(47,173,2),(48,176,1),(48,177,2),(49,178,1),(49,179,2),(49,180,3),(50,181,1),(50,182,2),(51,183,1),(51,184,2),(51,185,3),(52,186,1),(52,187,2),(52,188,3),(53,189,1),(53,190,2),(53,191,3),(54,192,1),(54,193,2),(55,194,1),(55,195,2),(56,196,1),(56,197,2),(57,198,1),(57,199,2),(58,200,1),(58,201,2),(59,202,1),(60,203,1),(60,304,2),(61,204,1),(61,205,2),(62,206,1),(62,207,2),(64,211,1),(65,212,1),(65,213,2),(65,214,3),(66,215,1),(66,216,2),(67,217,1),(68,218,1),(68,219,2),(69,220,1),(69,222,2),(70,223,1),(70,224,2),(70,307,999),(71,225,1),(71,226,2),(72,227,1),(72,228,2),(73,229,1),(73,230,2),(74,231,1),(74,232,2),(75,233,1),(75,234,2),(76,235,1),(76,236,2),(77,237,1),(77,238,2),(77,253,3),(78,239,1),(78,240,2),(79,241,1),(79,242,2),(80,243,1),(80,244,2),(81,245,1),(81,246,2),(82,247,1),(82,248,2),(83,249,1),(83,250,2),(84,251,1),(84,252,2),(85,254,1),(85,255,2),(88,258,1),(88,259,2),(89,258,1),(89,259,2),(90,260,1),(90,261,2),(91,260,1),(91,261,2),(92,262,1),(92,263,2),(93,262,1),(93,263,2),(94,264,1),(94,265,2),(95,264,1),(95,265,2),(96,266,1),(96,267,2),(97,268,1),(97,269,2),(98,270,1),(98,271,2),(99,272,1),(99,273,2),(100,274,1),(100,275,2),(101,276,1),(101,277,2),(102,276,1),(102,277,2),(103,278,1),(103,279,2),(104,280,1),(104,281,2),(104,282,3),(104,303,999),(105,283,1),(105,284,2),(106,289,1),(106,290,2),(106,338,999),(107,203,1),(107,304,2),(108,308,1),(108,309,2),(109,311,1),(109,312,2);
/*!40000 ALTER TABLE `optionsbygroup` ENABLE KEYS */;
UNLOCK TABLES;

--
-- Table structure for table `optionsgroup`
--

DROP TABLE IF EXISTS `optionsgroup`;
/*!40101 SET @saved_cs_client     = @@character_set_client */;
/*!40101 SET character_set_client = utf8 */;
CREATE TABLE `optionsgroup` (
  `idOptionsGroup` int(11) NOT NULL AUTO_INCREMENT,
  `idQuestion` int(11) NOT NULL,
  `idContent` int(11) NOT NULL,
  `creationDate` timestamp NOT NULL DEFAULT CURRENT_TIMESTAMP,
  `idOptionType` int(11) NOT NULL,
  `random` tinyint(1) NOT NULL DEFAULT '0',
  `index` int(11) DEFAULT NULL,
  PRIMARY KEY (`idOptionsGroup`),
  KEY `fk_OptionsGroup_Question1_idx` (`idQuestion`),
  KEY `fk_OptionsGroup_ContentIndex1_idx` (`idContent`),
  KEY `fk_OptionsGroup_OptionType1_idx` (`idOptionType`),
  CONSTRAINT `fk_OptionsGroup_ContentIndex1` FOREIGN KEY (`idContent`) REFERENCES `contentindex` (`idContent`) ON DELETE NO ACTION ON UPDATE NO ACTION,
  CONSTRAINT `fk_OptionsGroup_OptionType1` FOREIGN KEY (`idOptionType`) REFERENCES `optiontype` (`idOptionType`) ON DELETE NO ACTION ON UPDATE NO ACTION,
  CONSTRAINT `fk_OptionsGroup_Question1` FOREIGN KEY (`idQuestion`) REFERENCES `question` (`idQuestion`) ON DELETE NO ACTION ON UPDATE NO ACTION
) ENGINE=InnoDB AUTO_INCREMENT=110 DEFAULT CHARSET=utf8;
/*!40101 SET character_set_client = @saved_cs_client */;

--
-- Dumping data for table `optionsgroup`
--

LOCK TABLES `optionsgroup` WRITE;
/*!40000 ALTER TABLE `optionsgroup` DISABLE KEYS */;
INSERT INTO `optionsgroup` VALUES (11,242,28,'2016-10-04 15:34:25',2,0,1),(12,244,34,'2016-10-04 15:37:36',2,0,1),(13,247,42,'2016-10-04 15:50:08',2,0,1),(14,249,47,'2016-10-05 09:34:00',2,0,1),(15,250,56,'2016-10-06 15:05:35',2,0,1),(18,251,90,'2016-10-07 09:16:59',2,0,1),(19,252,94,'2016-10-07 09:22:20',2,0,1),(20,259,104,'2016-10-07 13:19:08',2,0,1),(21,259,106,'2016-10-07 13:19:09',2,0,1),(22,262,113,'2016-10-07 13:20:53',2,0,1),(23,257,117,'2016-10-10 08:42:46',2,0,1),(24,264,123,'2016-10-10 11:10:56',2,0,1),(25,265,127,'2016-10-10 11:11:27',2,0,1),(26,267,134,'2016-10-10 11:48:21',1,0,1),(27,271,144,'2016-10-13 09:48:30',1,0,1),(28,272,147,'2016-10-13 09:48:41',2,0,1),(29,272,148,'2016-10-13 09:48:44',2,0,2),(30,303,183,'2016-10-17 08:45:52',2,0,1),(31,308,191,'2016-10-17 09:40:26',2,0,1),(32,309,204,'2016-10-17 09:54:46',1,0,1),(33,310,252,'2016-10-17 15:02:53',2,0,1),(34,312,272,'2016-10-19 09:47:55',2,0,1),(35,313,291,'2016-10-20 07:30:58',2,0,1),(36,314,296,'2016-10-20 07:31:30',2,0,1),(37,315,301,'2016-10-20 07:31:46',2,0,1),(38,316,307,'2016-10-20 07:40:34',2,0,1),(39,317,313,'2016-10-20 07:59:42',2,0,1),(40,320,336,'2016-11-15 12:25:58',2,0,1),(42,328,373,'2016-11-17 17:26:06',2,0,1),(43,346,447,'2016-12-07 17:33:59',2,0,1),(44,362,529,'2017-01-24 12:35:44',2,0,1),(45,363,533,'2017-01-24 12:39:42',2,0,1),(46,364,537,'2017-01-24 16:44:15',2,0,1),(47,366,542,'2017-01-25 12:43:51',2,0,1),(48,369,548,'2017-01-25 16:20:54',2,0,1),(49,379,566,'2017-01-25 16:54:57',2,0,1),(50,392,590,'2017-01-25 17:19:58',2,0,1),(51,394,597,'2017-02-09 17:46:57',2,0,1),(52,395,603,'2017-02-09 17:47:14',2,0,1),(53,396,609,'2017-02-09 17:58:53',2,0,1),(54,397,615,'2017-02-09 18:10:40',2,0,1),(55,398,620,'2017-02-09 18:11:40',2,0,1),(56,399,625,'2017-02-09 18:14:33',2,0,1),(57,400,630,'2017-02-09 18:16:53',2,0,1),(58,401,635,'2017-02-09 18:17:12',2,0,1),(59,404,646,'2017-02-15 16:12:52',2,0,1),(60,405,649,'2017-02-15 16:23:58',2,0,1),(61,406,652,'2017-02-15 17:36:55',1,0,1),(62,414,675,'2017-02-16 17:53:04',2,0,1),(63,416,678,'2017-02-16 18:04:11',2,0,1),(64,428,687,'2017-02-17 12:53:41',2,0,1),(65,430,692,'2017-02-17 13:24:58',2,0,1),(66,432,697,'2017-02-17 13:26:10',2,0,1),(67,435,704,'2017-02-17 13:28:43',2,0,1),(68,433,708,'2017-02-17 13:30:37',2,0,1),(69,476,754,'2017-02-20 17:04:40',2,0,1),(70,449,782,'2017-02-21 11:15:04',2,0,1),(71,473,785,'2017-02-21 11:15:21',2,0,1),(72,488,789,'2017-02-21 11:16:04',2,0,1),(73,489,793,'2017-02-21 11:16:37',2,0,1),(74,490,798,'2017-02-21 11:17:08',2,0,1),(75,491,802,'2017-02-21 11:17:39',2,0,1),(76,492,807,'2017-02-21 11:18:08',2,0,1),(77,493,813,'2017-02-21 11:20:32',2,0,1),(78,494,817,'2017-02-21 11:21:10',2,0,1),(79,495,821,'2017-02-21 11:21:29',2,0,1),(80,496,826,'2017-02-21 11:21:57',2,0,1),(81,497,830,'2017-02-21 11:22:29',2,0,1),(82,498,835,'2017-02-21 11:23:06',2,0,1),(83,499,840,'2017-02-21 11:24:00',2,0,1),(84,500,845,'2017-02-21 11:24:47',2,0,1),(85,502,855,'2017-02-21 17:14:59',2,0,1),(86,504,862,'2017-02-22 10:57:45',2,0,1),(87,504,863,'2017-02-22 10:57:48',2,0,2),(88,505,866,'2017-02-22 11:02:07',2,0,1),(89,505,868,'2017-02-22 11:02:15',2,0,2),(90,506,871,'2017-02-22 11:03:54',1,0,1),(91,506,873,'2017-02-22 11:04:01',1,0,2),(92,509,878,'2017-02-22 11:18:59',2,0,1),(93,509,880,'2017-02-22 11:19:08',2,0,2),(94,510,883,'2017-02-22 11:22:33',2,0,1),(95,510,885,'2017-02-22 11:22:40',2,0,2),(96,512,892,'2017-02-22 12:37:08',2,0,1),(97,513,895,'2017-02-22 12:37:13',2,0,1),(98,514,898,'2017-02-22 12:37:18',2,0,1),(99,519,913,'2017-02-27 11:57:31',2,0,1),(100,526,927,'2017-02-27 12:48:49',2,0,1),(101,527,930,'2017-02-27 12:48:57',2,0,1),(102,527,931,'2017-02-27 12:49:00',2,0,2),(103,524,935,'2017-02-27 12:50:03',1,0,1),(104,549,960,'2017-03-09 08:55:47',1,0,1),(105,550,965,'2017-03-09 08:57:29',2,0,1),(106,551,973,'2017-03-10 10:46:34',2,0,1),(107,405,989,'2017-03-14 11:17:11',2,0,2),(108,552,995,'2017-03-14 11:23:52',1,0,1),(109,553,1000,'2017-03-14 11:24:30',2,0,1);
/*!40000 ALTER TABLE `optionsgroup` ENABLE KEYS */;
UNLOCK TABLES;

--
-- Table structure for table `optiontype`
--

DROP TABLE IF EXISTS `optiontype`;
/*!40101 SET @saved_cs_client     = @@character_set_client */;
/*!40101 SET character_set_client = utf8 */;
CREATE TABLE `optiontype` (
  `idOptionType` int(11) NOT NULL AUTO_INCREMENT,
  `name` varchar(45) NOT NULL,
  PRIMARY KEY (`idOptionType`)
) ENGINE=InnoDB AUTO_INCREMENT=3 DEFAULT CHARSET=utf8;
/*!40101 SET character_set_client = @saved_cs_client */;

--
-- Dumping data for table `optiontype`
--

LOCK TABLES `optiontype` WRITE;
/*!40000 ALTER TABLE `optiontype` DISABLE KEYS */;
INSERT INTO `optiontype` VALUES (1,'checkbox'),(2,'radio');
/*!40000 ALTER TABLE `optiontype` ENABLE KEYS */;
UNLOCK TABLES;

--
-- Table structure for table `page`
--

DROP TABLE IF EXISTS `page`;
/*!40101 SET @saved_cs_client     = @@character_set_client */;
/*!40101 SET character_set_client = utf8 */;
CREATE TABLE `page` (
  `idPage` int(11) NOT NULL AUTO_INCREMENT,
  `creationDate` timestamp NOT NULL DEFAULT CURRENT_TIMESTAMP,
  `numPage` int(11) NOT NULL DEFAULT '0',
  `idResoruces` int(11) DEFAULT NULL,
  `idSection` int(11) NOT NULL,
  PRIMARY KEY (`idPage`),
  KEY `fk_Page_Resoruces1_idx` (`idResoruces`),
  KEY `fk_Page_Section1_idx` (`idSection`),
  CONSTRAINT `fk_Page_Resoruces1` FOREIGN KEY (`idResoruces`) REFERENCES `resoruces` (`idResoruces`) ON DELETE NO ACTION ON UPDATE NO ACTION,
  CONSTRAINT `fk_Page_Section1` FOREIGN KEY (`idSection`) REFERENCES `section` (`idSection`) ON DELETE CASCADE ON UPDATE NO ACTION
) ENGINE=InnoDB AUTO_INCREMENT=254 DEFAULT CHARSET=utf8;
/*!40101 SET character_set_client = @saved_cs_client */;

--
-- Dumping data for table `page`
--

LOCK TABLES `page` WRITE;
/*!40000 ALTER TABLE `page` DISABLE KEYS */;
INSERT INTO `page` VALUES (9,'2016-10-04 15:30:31',1,NULL,32),(10,'2016-10-04 15:34:09',2,NULL,32),(14,'2016-10-04 15:49:21',1,NULL,33),(15,'2016-10-04 15:49:49',2,NULL,33),(16,'2016-10-06 11:28:46',1,NULL,34),(17,'2016-10-07 13:17:24',2,NULL,34),(19,'2016-10-07 13:20:22',1,NULL,35),(20,'2016-10-07 13:20:34',2,NULL,35),(21,'2016-10-07 13:20:59',3,NULL,35),(23,'2016-10-10 11:47:37',4,NULL,34),(24,'2016-10-10 11:47:49',3,NULL,34),(27,'2016-10-14 11:06:32',5,NULL,33),(33,'2016-10-19 10:07:53',1,NULL,40),(38,'2016-11-23 12:46:29',3,NULL,33),(42,'2016-11-29 11:28:58',6,NULL,46),(50,'2016-11-29 12:00:45',7,NULL,47),(70,'2016-11-29 16:50:00',5,NULL,59),(72,'2016-11-29 17:08:51',4,NULL,32),(73,'2016-11-29 17:16:01',4,NULL,33),(81,'2016-11-30 12:45:15',6,NULL,59),(83,'2016-11-30 15:04:05',7,NULL,67),(84,'2017-01-11 12:38:35',1,NULL,68),(85,'2017-01-11 12:39:05',1,NULL,69),(86,'2017-01-11 12:39:14',1,NULL,70),(87,'2017-01-11 12:39:26',1,NULL,71),(88,'2017-01-11 12:39:45',1,NULL,72),(112,'2017-01-25 16:47:56',1,NULL,74),(114,'2017-01-25 16:53:55',2,NULL,74),(130,'2017-01-25 17:20:03',3,NULL,83),(131,'2017-02-15 09:56:50',1,NULL,84),(132,'2017-02-15 16:04:48',1,NULL,85),(133,'2017-02-16 13:29:58',2,NULL,84),(135,'2017-02-16 13:31:12',3,NULL,84),(136,'2017-02-16 13:31:36',4,NULL,84),(138,'2017-02-16 16:25:26',5,NULL,84),(139,'2017-02-16 16:29:12',6,NULL,84),(141,'2017-02-17 10:15:36',8,NULL,87),(145,'2017-02-17 13:26:16',2,NULL,72),(146,'2017-02-17 13:27:01',3,NULL,88),(147,'2017-02-17 13:29:47',4,NULL,89),(149,'2017-02-17 14:31:57',5,NULL,89),(151,'2017-02-17 14:36:11',6,NULL,89),(214,'2017-02-21 11:15:41',2,NULL,68),(215,'2017-02-21 11:16:21',3,NULL,68),(216,'2017-02-21 11:16:51',4,NULL,106),(217,'2017-02-21 11:17:25',5,NULL,106),(219,'2017-02-21 11:20:12',1,NULL,108),(220,'2017-02-21 11:21:16',2,NULL,108),(221,'2017-02-21 11:21:39',3,NULL,109),(222,'2017-02-21 11:22:11',4,NULL,109),(223,'2017-02-21 11:22:44',5,NULL,110),(224,'2017-02-21 11:23:47',6,NULL,111),(225,'2017-02-21 11:24:33',7,NULL,112),(227,'2017-02-21 17:15:08',2,NULL,69),(228,'2017-02-22 12:27:01',1,NULL,114),(230,'2017-02-22 12:45:58',2,NULL,115),(234,'2017-02-24 09:57:13',9,NULL,87),(244,'2017-02-27 12:46:00',1,NULL,120),(245,'2017-02-27 12:46:33',1,NULL,121),(246,'2017-02-27 12:47:04',2,NULL,121),(247,'2017-02-27 12:47:49',3,NULL,122),(248,'2017-02-27 12:49:10',4,NULL,122),(249,'2017-02-27 16:55:47',2,NULL,120),(250,'2017-02-27 16:56:44',4,NULL,120),(251,'2017-03-09 08:35:17',3,NULL,32),(253,'2017-03-14 11:23:31',3,NULL,120);
/*!40000 ALTER TABLE `page` ENABLE KEYS */;
UNLOCK TABLES;

--
-- Table structure for table `pagetype`
--

DROP TABLE IF EXISTS `pagetype`;
/*!40101 SET @saved_cs_client     = @@character_set_client */;
/*!40101 SET character_set_client = utf8 */;
CREATE TABLE `pagetype` (
  `idpageType` int(11) NOT NULL AUTO_INCREMENT,
  `name` varchar(45) NOT NULL,
  PRIMARY KEY (`idpageType`)
) ENGINE=InnoDB DEFAULT CHARSET=utf8;
/*!40101 SET character_set_client = @saved_cs_client */;

--
-- Dumping data for table `pagetype`
--

LOCK TABLES `pagetype` WRITE;
/*!40000 ALTER TABLE `pagetype` DISABLE KEYS */;
/*!40000 ALTER TABLE `pagetype` ENABLE KEYS */;
UNLOCK TABLES;

--
-- Table structure for table `parameterforquestion`
--

DROP TABLE IF EXISTS `parameterforquestion`;
/*!40101 SET @saved_cs_client     = @@character_set_client */;
/*!40101 SET character_set_client = utf8 */;
CREATE TABLE `parameterforquestion` (
  `idQuestion` int(11) NOT NULL,
  `idPage` int(11) NOT NULL,
  `idParameter` int(11) NOT NULL,
  `value` varchar(45) NOT NULL,
  PRIMARY KEY (`idQuestion`,`idPage`,`idParameter`),
  KEY `fk_parameter_idx` (`idParameter`),
  KEY `fk_page_idx` (`idPage`),
  CONSTRAINT `fk_page` FOREIGN KEY (`idPage`) REFERENCES `questionbypage` (`idPage`) ON DELETE CASCADE ON UPDATE CASCADE,
  CONSTRAINT `fk_parameter` FOREIGN KEY (`idParameter`) REFERENCES `questionparameter` (`idParameter`) ON DELETE CASCADE ON UPDATE CASCADE,
  CONSTRAINT `fk_question` FOREIGN KEY (`idQuestion`) REFERENCES `questionbypage` (`idQuestion`) ON DELETE CASCADE ON UPDATE CASCADE
) ENGINE=InnoDB DEFAULT CHARSET=utf8;
/*!40101 SET character_set_client = @saved_cs_client */;

--
-- Dumping data for table `parameterforquestion`
--

LOCK TABLES `parameterforquestion` WRITE;
/*!40000 ALTER TABLE `parameterforquestion` DISABLE KEYS */;
INSERT INTO `parameterforquestion` VALUES (250,251,4,'5'),(253,72,5,''),(269,38,4,'20'),(308,251,4,'30'),(308,251,5,'3'),(309,251,4,'6'),(369,72,4,'122'),(369,72,5,''),(402,132,5,''),(403,132,4,''),(403,132,8,'formFieldInputModeFree'),(403,132,9,'formFieldTypeGeneral'),(405,72,1,'Simple'),(417,135,1,'Simple'),(418,135,8,'formFieldInputModeFree'),(418,135,9,'formFieldTypeGeneral'),(425,133,2,'0'),(425,133,3,'100'),(425,133,7,'2'),(425,133,8,'formFieldInputModeFree'),(425,133,9,'formFieldTypeNumber'),(449,84,4,''),(449,84,5,''),(505,214,1,'Simple'),(506,214,1,'Multiple'),(507,84,8,'formFieldInputModeFree'),(507,84,9,'formFieldTypeText'),(508,84,4,''),(508,84,8,'formFieldInputModeFree'),(508,84,9,'formFieldTypeText'),(509,84,1,'Simple'),(510,84,1,'Simple'),(511,217,5,''),(522,245,8,'formFieldInputModeFree'),(522,245,9,'formFieldTypeGeneral'),(523,246,5,''),(525,247,5,''),(527,247,1,'Simple'),(530,253,8,'formFieldInputModeFree'),(530,253,9,'formFieldTypeGeneral'),(531,253,8,'formFieldInputModeFree'),(531,253,9,'formFieldTypeGeneral'),(532,253,8,'formFieldInputModeFree'),(532,253,9,'formFieldTypeText'),(548,251,4,''),(548,251,5,''),(549,251,4,''),(549,251,5,''),(550,251,4,'30'),(550,251,5,'2'),(551,251,4,'1268');
/*!40000 ALTER TABLE `parameterforquestion` ENABLE KEYS */;
UNLOCK TABLES;

--
-- Table structure for table `parameterforquestionpoll`
--

DROP TABLE IF EXISTS `parameterforquestionpoll`;
/*!40101 SET @saved_cs_client     = @@character_set_client */;
/*!40101 SET character_set_client = utf8 */;
CREATE TABLE `parameterforquestionpoll` (
  `idQuestion` int(11) NOT NULL,
  `idPoll` int(11) NOT NULL,
  `idParameter` int(11) NOT NULL,
  `value` varchar(45) NOT NULL,
  PRIMARY KEY (`idQuestion`,`idPoll`,`idParameter`),
  KEY `fk_paramter_idx` (`idParameter`),
  KEY `fk_parameterforquestionpoll_parameter_idx` (`idParameter`),
  KEY `fk_parameterforquestionpoll_idpoll_idx` (`idPoll`),
  CONSTRAINT `fk_parameterforquestionpoll_idpoll` FOREIGN KEY (`idPoll`) REFERENCES `questionbypoll` (`idPoll`) ON DELETE NO ACTION ON UPDATE NO ACTION,
  CONSTRAINT `fk_parameterforquestionpoll_idquestion` FOREIGN KEY (`idQuestion`) REFERENCES `questionbypoll` (`idQuestion`) ON DELETE NO ACTION ON UPDATE NO ACTION,
  CONSTRAINT `fk_parameterforquestionpoll_parameter` FOREIGN KEY (`idParameter`) REFERENCES `questionparameter` (`idParameter`) ON DELETE NO ACTION ON UPDATE NO ACTION
) ENGINE=InnoDB DEFAULT CHARSET=utf8;
/*!40101 SET character_set_client = @saved_cs_client */;

--
-- Dumping data for table `parameterforquestionpoll`
--

LOCK TABLES `parameterforquestionpoll` WRITE;
/*!40000 ALTER TABLE `parameterforquestionpoll` DISABLE KEYS */;
/*!40000 ALTER TABLE `parameterforquestionpoll` ENABLE KEYS */;
UNLOCK TABLES;

--
-- Table structure for table `poll`
--

DROP TABLE IF EXISTS `poll`;
/*!40101 SET @saved_cs_client     = @@character_set_client */;
/*!40101 SET character_set_client = utf8 */;
CREATE TABLE `poll` (
  `idPoll` int(11) NOT NULL AUTO_INCREMENT,
  `createDate` timestamp NOT NULL DEFAULT CURRENT_TIMESTAMP,
  `publicId` varchar(45) NOT NULL,
  `author` int(11) NOT NULL,
  `idQuestionnaire` int(11) DEFAULT NULL,
  `idContent` int(11) NOT NULL,
  `idProject` int(11) NOT NULL,
  `deadLineDate` timestamp NULL DEFAULT NULL,
  `callUrl` varchar(1000) DEFAULT NULL,
  PRIMARY KEY (`idPoll`),
  KEY `fk_Poll_User1_idx` (`author`),
  KEY `fk_Poll_Questionnaire1_idx` (`idQuestionnaire`),
  KEY `fk_Poll_ContentIndex1_idx` (`idContent`),
  KEY `fk_Poll_Project1_idx` (`idProject`),
  CONSTRAINT `fk_Poll_ContentIndex1` FOREIGN KEY (`idContent`) REFERENCES `contentindex` (`idContent`) ON DELETE NO ACTION ON UPDATE NO ACTION,
  CONSTRAINT `fk_Poll_Project1` FOREIGN KEY (`idProject`) REFERENCES `project` (`idProject`) ON DELETE NO ACTION ON UPDATE NO ACTION,
  CONSTRAINT `fk_Poll_Questionnaire1` FOREIGN KEY (`idQuestionnaire`) REFERENCES `questionnaire` (`idQuestionnaire`) ON DELETE NO ACTION ON UPDATE NO ACTION,
  CONSTRAINT `fk_Poll_User1` FOREIGN KEY (`author`) REFERENCES `user` (`idUser`) ON DELETE NO ACTION ON UPDATE NO ACTION
) ENGINE=InnoDB AUTO_INCREMENT=14 DEFAULT CHARSET=utf8;
/*!40101 SET character_set_client = @saved_cs_client */;

--
-- Dumping data for table `poll`
--

LOCK TABLES `poll` WRITE;
/*!40000 ALTER TABLE `poll` DISABLE KEYS */;
INSERT INTO `poll` VALUES (6,'2017-02-09 17:46:57','u2a78ff6qq',2,NULL,595,51,NULL,'www.google.es'),(7,'2017-02-09 17:47:14','81qsv4pvu4',2,NULL,601,58,NULL,'sadsdasda'),(8,'2017-02-09 17:58:53','9lh17s40dk',2,NULL,607,51,NULL,'asddsafsdfa'),(9,'2017-02-09 18:10:40','r5teu6nn0a',2,NULL,613,51,NULL,'sadf'),(10,'2017-02-09 18:11:40','u6sbi11vc2',2,NULL,618,51,NULL,'asdfa'),(11,'2017-02-09 18:14:33','i998trihk2',2,NULL,623,59,NULL,''),(12,'2017-02-09 18:16:53','cgl5tv6nmn',2,NULL,628,60,NULL,'asdasdfsd'),(13,'2017-02-09 18:17:12','fl1o2dam6d',2,NULL,633,51,NULL,'asdf');
/*!40000 ALTER TABLE `poll` ENABLE KEYS */;
UNLOCK TABLES;

--
-- Table structure for table `project`
--

DROP TABLE IF EXISTS `project`;
/*!40101 SET @saved_cs_client     = @@character_set_client */;
/*!40101 SET character_set_client = utf8 */;
CREATE TABLE `project` (
  `idProject` int(11) NOT NULL AUTO_INCREMENT,
  `projectName` varchar(100) NOT NULL,
  `creationDate` timestamp NOT NULL DEFAULT CURRENT_TIMESTAMP,
  PRIMARY KEY (`idProject`)
) ENGINE=InnoDB AUTO_INCREMENT=62 DEFAULT CHARSET=utf8;
/*!40101 SET character_set_client = @saved_cs_client */;

--
-- Dumping data for table `project`
--

LOCK TABLES `project` WRITE;
/*!40000 ALTER TABLE `project` DISABLE KEYS */;
INSERT INTO `project` VALUES (49,'7i','2016-10-03 10:15:08'),(50,'ert','2016-10-03 10:32:19'),(51,'prosperity4ALL','2016-10-04 15:30:31'),(52,'asdfas','2016-10-07 13:20:21'),(53,'dfsgsdfg','2016-10-20 07:31:30'),(54,'dfgsd','2016-10-20 07:31:46'),(55,'sdafdas','2016-10-20 07:38:42'),(56,'sdfas','2016-10-20 07:40:33'),(57,'P4ALL','2016-11-04 09:03:43'),(58,'asdasdasd','2017-02-09 17:47:14'),(59,'asd','2017-02-09 18:14:33'),(60,'asdadsds','2017-02-09 18:16:53'),(61,'P4A','2017-02-27 12:46:00');
/*!40000 ALTER TABLE `project` ENABLE KEYS */;
UNLOCK TABLES;

--
-- Table structure for table `qdependences`
--

DROP TABLE IF EXISTS `qdependences`;
/*!40101 SET @saved_cs_client     = @@character_set_client */;
/*!40101 SET character_set_client = utf8 */;
CREATE TABLE `qdependences` (
  `idQDependences` int(11) NOT NULL AUTO_INCREMENT,
  `idQuestionnaire` int(11) NOT NULL,
  `idQuestion` int(11) NOT NULL,
  `show` tinyint(1) NOT NULL DEFAULT '1',
  `idDependenceType` int(11) NOT NULL DEFAULT '1',
  PRIMARY KEY (`idQDependences`),
  KEY `fk_QDependences_Question1_idx` (`idQuestion`),
  KEY `fk_QDependences_Questionnaire1_idx` (`idQuestionnaire`),
  KEY `fk_QDependences_DependenceType1_idx` (`idDependenceType`),
  CONSTRAINT `fk_QDependences_DependenceType1` FOREIGN KEY (`idDependenceType`) REFERENCES `dependencetype` (`idDependenceType`) ON DELETE NO ACTION ON UPDATE NO ACTION,
  CONSTRAINT `fk_QDependences_Question1` FOREIGN KEY (`idQuestion`) REFERENCES `question` (`idQuestion`) ON DELETE NO ACTION ON UPDATE NO ACTION,
  CONSTRAINT `fk_QDependences_Questionnaire1` FOREIGN KEY (`idQuestionnaire`) REFERENCES `questionnaire` (`idQuestionnaire`) ON DELETE NO ACTION ON UPDATE NO ACTION
) ENGINE=InnoDB AUTO_INCREMENT=115 DEFAULT CHARSET=utf8;
/*!40101 SET character_set_client = @saved_cs_client */;

--
-- Dumping data for table `qdependences`
--

LOCK TABLES `qdependences` WRITE;
/*!40000 ALTER TABLE `qdependences` DISABLE KEYS */;
INSERT INTO `qdependences` VALUES (5,5,267,1,1),(6,5,264,1,1),(49,3,252,1,2),(50,3,343,1,1),(61,10,393,1,1),(75,3,252,1,1),(78,3,253,1,1),(79,3,346,1,1),(80,16,433,1,1),(81,16,434,1,1),(82,19,498,1,2),(83,19,500,1,2),(85,19,496,1,1),(87,19,499,1,1),(88,19,495,1,1),(90,19,497,1,1),(105,3,308,1,1),(106,3,308,1,1),(107,3,308,1,1),(108,3,308,1,1),(109,3,308,1,1),(110,3,308,1,1),(111,3,308,1,1);
/*!40000 ALTER TABLE `qdependences` ENABLE KEYS */;
UNLOCK TABLES;

--
-- Table structure for table `qdependencesvalue`
--

DROP TABLE IF EXISTS `qdependencesvalue`;
/*!40101 SET @saved_cs_client     = @@character_set_client */;
/*!40101 SET character_set_client = utf8 */;
CREATE TABLE `qdependencesvalue` (
  `idQDependences` int(11) NOT NULL,
  `idQuestion` int(11) NOT NULL,
  `idOptionsGroup` int(11) NOT NULL,
  `optionValue` varchar(45) NOT NULL,
  `idDependenceItem` int(11) NOT NULL AUTO_INCREMENT,
  PRIMARY KEY (`idQDependences`,`idQuestion`,`idOptionsGroup`,`optionValue`),
  UNIQUE KEY `idDependenceItem_UNIQUE` (`idDependenceItem`),
  KEY `fk_QDependencesValue_Question1_idx` (`idQuestion`),
  KEY `fk_QDependencesValue_OptionsGroup1_idx` (`idOptionsGroup`),
  CONSTRAINT `fk_QDependencesValue_OptionsGroup1` FOREIGN KEY (`idOptionsGroup`) REFERENCES `optionsgroup` (`idOptionsGroup`) ON DELETE NO ACTION ON UPDATE NO ACTION,
  CONSTRAINT `fk_QDependencesValue_QDependences1` FOREIGN KEY (`idQDependences`) REFERENCES `qdependences` (`idQDependences`) ON DELETE NO ACTION ON UPDATE NO ACTION,
  CONSTRAINT `fk_QDependencesValue_Question1` FOREIGN KEY (`idQuestion`) REFERENCES `question` (`idQuestion`) ON DELETE NO ACTION ON UPDATE NO ACTION
) ENGINE=InnoDB AUTO_INCREMENT=176 DEFAULT CHARSET=utf8;
/*!40101 SET character_set_client = @saved_cs_client */;

--
-- Dumping data for table `qdependencesvalue`
--

LOCK TABLES `qdependencesvalue` WRITE;
/*!40000 ALTER TABLE `qdependencesvalue` DISABLE KEYS */;
INSERT INTO `qdependencesvalue` VALUES (5,265,25,'63',8),(6,257,23,'111',9),(49,249,14,'17',90),(50,362,44,'167',91),(61,379,49,'178',111),(75,250,15,'117',129),(78,308,31,'136',133),(79,369,48,'176',134),(79,369,48,'177',135),(80,432,66,'216',136),(81,432,66,'216',137),(82,497,81,'245',138),(83,494,78,'239',139),(85,493,77,'238',142),(82,493,77,'238',145),(87,493,77,'238',146),(88,493,77,'238',147),(83,493,77,'238',149),(90,493,77,'238',150),(105,250,15,'324',166),(106,551,106,'302',167),(107,551,106,'326',168),(108,551,106,'327',169),(109,551,106,'329',170),(110,551,106,'330',171),(111,551,106,'331',172);
/*!40000 ALTER TABLE `qdependencesvalue` ENABLE KEYS */;
UNLOCK TABLES;

--
-- Table structure for table `qrelationships`
--

DROP TABLE IF EXISTS `qrelationships`;
/*!40101 SET @saved_cs_client     = @@character_set_client */;
/*!40101 SET character_set_client = utf8 */;
CREATE TABLE `qrelationships` (
  `idQRelationships` int(11) NOT NULL AUTO_INCREMENT,
  `node1` int(11) NOT NULL,
  `idDependenceType` int(11) NOT NULL,
  `node2` int(11) DEFAULT NULL,
  `idRelationType` int(11) DEFAULT NULL,
  PRIMARY KEY (`idQRelationships`),
  KEY `fk_QRelationships_DependenceType1_idx` (`idDependenceType`),
  KEY `fk_QRelationships_RelationType1_idx` (`idRelationType`),
  CONSTRAINT `fk_QRelationships_DependenceType1` FOREIGN KEY (`idDependenceType`) REFERENCES `dependencetype` (`idDependenceType`) ON DELETE NO ACTION ON UPDATE NO ACTION,
  CONSTRAINT `fk_QRelationships_RelationType1` FOREIGN KEY (`idRelationType`) REFERENCES `relationtype` (`idRelationType`) ON DELETE NO ACTION ON UPDATE NO ACTION
) ENGINE=InnoDB DEFAULT CHARSET=utf8;
/*!40101 SET character_set_client = @saved_cs_client */;

--
-- Dumping data for table `qrelationships`
--

LOCK TABLES `qrelationships` WRITE;
/*!40000 ALTER TABLE `qrelationships` DISABLE KEYS */;
/*!40000 ALTER TABLE `qrelationships` ENABLE KEYS */;
UNLOCK TABLES;

--
-- Table structure for table `question`
--

DROP TABLE IF EXISTS `question`;
/*!40101 SET @saved_cs_client     = @@character_set_client */;
/*!40101 SET character_set_client = utf8 */;
CREATE TABLE `question` (
  `idQuestion` int(11) NOT NULL AUTO_INCREMENT,
  `tag` varchar(45) NOT NULL,
  `creationDate` timestamp NOT NULL DEFAULT CURRENT_TIMESTAMP,
  `idQuestionType` int(11) NOT NULL,
  `parentQuestion` int(11) NOT NULL DEFAULT '0',
  `isTemplate` tinyint(1) NOT NULL DEFAULT '0',
  `idContent` int(11) NOT NULL,
  `idCategory` int(11) NOT NULL,
  PRIMARY KEY (`idQuestion`),
  KEY `fk_Question_QuestionType1_idx` (`idQuestionType`),
  KEY `fk_Question_ContentIndex1_idx` (`idContent`),
  KEY `fk_Question_Category1_idx` (`idCategory`),
  CONSTRAINT `fk_Question_Category1` FOREIGN KEY (`idCategory`) REFERENCES `category` (`idCategory`) ON DELETE NO ACTION ON UPDATE NO ACTION,
  CONSTRAINT `fk_Question_ContentIndex1` FOREIGN KEY (`idContent`) REFERENCES `contentindex` (`idContent`) ON DELETE NO ACTION ON UPDATE NO ACTION,
  CONSTRAINT `fk_Question_QuestionType1` FOREIGN KEY (`idQuestionType`) REFERENCES `questiontype` (`idQuestionType`) ON DELETE NO ACTION ON UPDATE NO ACTION
) ENGINE=InnoDB AUTO_INCREMENT=554 DEFAULT CHARSET=utf8;
/*!40101 SET character_set_client = @saved_cs_client */;

--
-- Dumping data for table `question`
--

LOCK TABLES `question` WRITE;
/*!40000 ALTER TABLE `question` DISABLE KEYS */;
INSERT INTO `question` VALUES (241,'generic','2016-10-04 15:32:02',8,0,0,26,1),(242,'generic','2016-10-04 15:34:20',3,0,0,27,1),(243,'generic','2016-10-04 15:36:59',7,0,0,32,1),(244,'generic','2016-10-04 15:37:30',3,0,0,33,1),(245,'generic','2016-10-04 15:37:54',8,0,0,37,1),(246,'generic','2016-10-04 15:49:29',8,0,0,40,1),(247,'generic','2016-10-04 15:50:00',3,0,0,41,1),(248,'generic','2016-10-04 16:05:47',8,0,0,45,1),(249,'generic','2016-10-05 09:33:51',3,0,0,46,1),(250,'generic','2016-10-06 15:05:17',3,0,0,55,1),(251,'generic','2016-10-07 09:16:54',3,0,0,89,1),(252,'generic','2016-10-07 09:22:11',3,0,0,93,1),(253,'generic','2016-10-07 09:52:12',1,0,0,97,1),(254,'generic','2016-10-07 11:45:34',2,0,0,98,1),(255,'generic','2016-10-07 13:17:06',8,0,0,99,1),(256,'generic','2016-10-07 13:17:32',7,0,0,100,1),(257,'generic','2016-10-07 13:17:42',3,0,0,101,1),(258,'generic','2016-10-07 13:18:05',4,0,0,102,1),(259,'generic','2016-10-07 13:19:05',3,0,0,103,1),(260,'generic','2016-10-07 13:20:26',8,0,0,110,1),(261,'generic','2016-10-07 13:20:40',7,0,0,111,1),(262,'generic','2016-10-07 13:20:50',3,0,0,112,1),(263,'generic','2016-10-07 13:21:05',7,0,0,116,1),(264,'generic','2016-10-10 11:10:50',3,0,0,122,1),(265,'generic','2016-10-10 11:11:25',3,0,0,126,1),(266,'generic','2016-10-10 11:47:40',8,0,0,132,1),(267,'generic','2016-10-10 11:48:15',5,0,0,133,1),(268,'generic','2016-10-11 10:48:28',2,0,0,139,1),(269,'generic','2016-10-13 09:46:55',1,0,0,140,1),(270,'generic','2016-10-13 09:47:21',2,0,0,141,1),(271,'generic','2016-10-13 09:48:05',5,0,0,142,1),(272,'generic','2016-10-13 09:48:20',4,0,0,143,1),(273,'generic','2016-10-13 09:49:08',7,0,0,151,1),(274,'generic','2016-10-13 11:43:18',5,0,0,153,1),(275,'generic','2016-10-13 11:59:20',7,0,0,154,1),(276,'generic','2016-10-13 11:59:30',3,0,0,155,1),(277,'generic','2016-10-13 12:05:10',7,0,0,156,1),(278,'generic','2016-10-13 12:05:24',7,0,0,157,1),(279,'generic','2016-10-13 12:06:49',7,0,0,158,1),(280,'generic','2016-10-13 12:07:02',1,0,0,159,1),(281,'generic','2016-10-13 12:09:53',7,0,0,160,1),(282,'generic','2016-10-13 12:13:40',7,0,0,161,1),(283,'generic','2016-10-13 12:15:30',7,0,0,162,1),(284,'generic','2016-10-13 12:15:38',7,0,0,163,1),(285,'generic','2016-10-13 12:18:34',7,0,0,164,1),(286,'generic','2016-10-13 12:18:44',7,0,0,165,1),(287,'generic','2016-10-13 12:21:51',7,0,0,166,1),(288,'generic','2016-10-13 12:22:07',7,0,0,167,1),(289,'generic','2016-10-13 12:23:28',7,0,0,168,1),(290,'generic','2016-10-13 12:35:12',7,0,0,169,1),(291,'generic','2016-10-13 12:36:53',7,0,0,170,1),(292,'generic','2016-10-14 11:06:41',7,0,0,171,1),(293,'generic','2016-10-14 12:45:06',8,0,0,172,1),(294,'generic','2016-10-14 12:57:35',7,0,0,173,1),(295,'generic','2016-10-14 12:58:13',7,0,0,174,1),(296,'generic','2016-10-17 08:34:56',3,0,0,175,1),(297,'generic','2016-10-17 08:35:35',3,0,0,176,1),(298,'generic','2016-10-17 08:36:50',3,0,0,177,1),(299,'generic','2016-10-17 08:39:29',5,0,0,178,1),(300,'generic','2016-10-17 08:40:35',4,0,0,179,1),(301,'generic','2016-10-17 08:41:09',3,0,0,180,1),(302,'generic','2016-10-17 08:42:48',3,0,0,181,1),(303,'generic','2016-10-17 08:45:24',3,0,0,182,1),(304,'generic','2016-10-17 08:47:25',3,0,0,186,1),(305,'generic','2016-10-17 08:51:11',3,0,0,187,1),(306,'generic','2016-10-17 08:54:30',3,0,0,188,1),(307,'generic','2016-10-17 09:13:09',3,0,0,189,1),(308,'generic','2016-10-17 09:15:49',3,0,0,190,1),(309,'generic','2016-10-17 09:53:53',5,0,0,203,1),(310,'generic','2016-10-17 15:02:38',3,0,0,251,1),(311,'generic','2016-10-19 09:45:49',3,0,0,269,1),(312,'generic','2016-10-19 09:47:55',3,0,0,271,1),(313,'generic','2016-10-20 07:30:57',3,0,0,290,1),(314,'generic','2016-10-20 07:31:30',3,0,0,295,1),(315,'generic','2016-10-20 07:31:46',3,0,0,300,1),(316,'generic','2016-10-20 07:40:34',3,0,0,306,1),(317,'generic','2016-10-20 07:59:38',3,0,0,312,1),(318,'generic','2016-10-20 07:59:52',8,0,0,316,1),(319,'generic','2016-11-14 16:46:32',8,0,0,329,1),(320,'generic','2016-11-15 12:25:31',3,0,0,335,1),(321,'generic','2016-11-17 15:19:38',5,0,0,349,1),(322,'generic','2016-11-17 15:24:19',5,0,0,350,1),(323,'generic','2016-11-17 15:25:24',7,0,0,351,1),(324,'generic','2016-11-17 15:27:18',7,0,0,352,1),(325,'generic','2016-11-17 16:16:02',7,0,0,353,1),(326,'generic','2016-11-17 16:30:27',2,0,0,354,1),(327,'generic','2016-11-17 16:31:49',3,0,0,355,1),(328,'generic','2016-11-17 16:32:58',3,0,0,356,1),(329,'generic','2016-11-17 17:35:05',7,0,0,380,1),(330,'generic','2016-11-17 17:36:27',7,0,0,381,1),(331,'generic','2016-11-18 11:33:29',7,0,0,387,1),(332,'generic','2016-11-18 11:33:41',3,0,0,388,1),(333,'generic','2016-11-21 10:40:08',7,0,0,396,1),(334,'generic','2016-11-21 10:43:18',3,0,0,397,1),(335,'generic','2016-11-21 10:44:14',3,0,0,398,1),(336,'generic','2016-11-21 10:45:45',7,0,0,399,1),(337,'generic','2016-11-21 10:58:38',7,0,0,400,1),(338,'generic','2016-11-28 12:41:31',7,0,0,404,1),(339,'generic','2016-11-29 12:10:55',7,0,0,413,1),(340,'generic','2016-11-29 12:11:08',7,0,0,414,1),(341,'generic','2016-11-30 09:23:12',7,0,0,427,1),(342,'generic','2016-11-30 09:32:03',7,0,0,428,1),(343,'generic','2016-11-30 09:33:32',7,0,0,429,1),(344,'generic','2016-11-30 11:54:53',7,0,0,430,1),(345,'generic','2016-11-30 15:39:45',8,0,0,438,1),(346,'generic','2016-12-07 17:33:24',3,0,0,446,1),(347,'generic','2016-12-13 16:53:28',3,0,0,453,1),(348,'generic','2016-12-14 10:20:21',3,0,0,454,1),(349,'generic','2016-12-15 15:58:19',7,0,0,456,1),(350,'generic','2016-12-23 08:43:32',8,0,0,495,1),(351,'generic','2016-12-28 11:43:33',1,0,0,496,1),(352,'generic','2016-12-28 11:44:30',7,0,0,497,1),(353,'generic','2016-12-28 13:32:50',3,0,0,500,1),(354,'generic','2016-12-28 13:34:23',4,0,0,501,1),(355,'generic','2016-12-28 13:35:23',7,0,0,502,1),(356,'generic','2016-12-28 13:36:32',7,0,0,503,1),(357,'generic','2016-12-28 13:37:36',7,0,0,504,1),(358,'generic','2016-12-28 13:38:53',7,0,0,505,1),(359,'generic','2016-12-28 13:42:24',7,0,0,506,1),(360,'generic','2016-12-28 13:48:46',7,0,0,507,1),(361,'generic','2017-01-11 17:21:00',7,0,0,518,1),(362,'generic','2017-01-24 12:35:38',3,0,0,528,1),(363,'generic','2017-01-24 12:39:37',3,0,0,532,1),(364,'generic','2017-01-24 16:44:08',3,0,0,536,1),(365,'generic','2017-01-24 17:52:40',2,0,0,540,1),(366,'generic','2017-01-25 12:43:48',3,0,0,541,1),(367,'generic','2017-01-25 12:48:47',8,0,0,545,1),(368,'generic','2017-01-25 12:54:43',8,0,0,546,1),(369,'generic','2017-01-25 16:20:49',3,0,0,547,1),(370,'generic','2017-01-25 16:47:19',7,0,0,554,1),(371,'generic','2017-01-25 16:47:31',7,0,0,555,1),(372,'generic','2017-01-25 16:47:47',7,0,0,556,1),(373,'generic','2017-01-25 16:48:16',8,0,0,558,1),(374,'generic','2017-01-25 16:48:20',8,0,0,559,1),(375,'generic','2017-01-25 16:49:30',8,0,0,560,1),(376,'generic','2017-01-25 16:52:24',8,0,0,561,1),(377,'generic','2017-01-25 16:53:50',8,0,0,562,1),(378,'generic','2017-01-25 16:54:15',7,0,0,563,1),(379,'generic','2017-01-25 16:54:52',3,0,0,565,1),(380,'generic','2017-01-25 16:55:33',7,0,0,569,1),(381,'generic','2017-01-25 16:57:36',7,0,0,571,1),(382,'generic','2017-01-25 17:03:04',7,0,0,572,1),(383,'generic','2017-01-25 17:06:10',7,0,0,574,1),(384,'generic','2017-01-25 17:06:30',7,0,0,575,1),(385,'generic','2017-01-25 17:06:41',7,0,0,577,1),(386,'generic','2017-01-25 17:09:14',7,0,0,580,1),(387,'generic','2017-01-25 17:09:21',7,0,0,581,1),(388,'generic','2017-01-25 17:12:55',7,0,0,582,1),(389,'generic','2017-01-25 17:13:06',7,0,0,584,1),(390,'generic','2017-01-25 17:15:25',7,0,0,585,1),(391,'generic','2017-01-25 17:15:34',7,0,0,587,1),(392,'generic','2017-01-25 17:19:52',3,0,0,589,1),(393,'generic','2017-01-25 17:20:17',7,0,0,594,1),(394,'generic','2017-02-09 17:46:57',3,0,0,596,1),(395,'generic','2017-02-09 17:47:14',3,0,0,602,1),(396,'generic','2017-02-09 17:58:53',3,0,0,608,1),(397,'generic','2017-02-09 18:10:40',3,0,0,614,1),(398,'generic','2017-02-09 18:11:40',3,0,0,619,1),(399,'generic','2017-02-09 18:14:33',3,0,0,624,1),(400,'generic','2017-02-09 18:16:53',3,0,0,629,1),(401,'generic','2017-02-09 18:17:12',3,0,0,634,1),(402,'generic','2017-02-15 16:05:06',1,0,0,643,1),(403,'generic','2017-02-15 16:05:42',2,0,0,644,1),(404,'generic','2017-02-15 16:12:42',3,0,0,645,1),(405,'generic','2017-02-15 16:23:50',4,0,0,648,1),(406,'generic','2017-02-15 17:36:51',5,0,0,651,1),(407,'generic','2017-02-16 11:10:56',7,0,0,656,1),(408,'generic','2017-02-16 11:11:27',7,0,0,657,1),(409,'generic','2017-02-16 11:12:18',7,0,0,658,1),(410,'generic','2017-02-16 11:12:49',7,0,0,659,1),(411,'generic','2017-02-16 11:15:55',7,0,0,660,1),(412,'generic','2017-02-16 11:17:56',4,0,0,661,1),(413,'generic','2017-02-16 13:29:54',8,0,0,662,1),(414,'generic','2017-02-16 13:30:18',3,0,0,663,1),(415,'generic','2017-02-16 13:30:21',8,0,0,664,1),(416,'generic','2017-02-16 13:30:41',3,0,0,665,1),(417,'generic','2017-02-16 13:31:23',4,0,0,666,1),(418,'generic','2017-02-16 13:31:52',2,0,0,667,1),(419,'generic','2017-02-16 13:32:03',3,0,0,668,1),(420,'generic','2017-02-16 13:32:12',5,0,0,669,1),(421,'generic','2017-02-16 13:32:26',3,0,0,670,1),(422,'generic','2017-02-16 16:25:42',7,0,0,671,1),(423,'generic','2017-02-16 16:29:32',7,0,0,672,1),(424,'generic','2017-02-16 17:52:18',7,0,0,674,1),(425,'generic','2017-02-16 18:10:56',2,0,0,681,1),(426,'generic','2017-02-17 10:15:45',2,0,0,683,1),(427,'generic','2017-02-17 10:15:54',7,0,0,684,1),(428,'generic','2017-02-17 12:44:38',3,0,0,685,1),(429,'generic','2017-02-17 12:53:18',3,0,0,686,1),(430,'generic','2017-02-17 13:24:38',3,0,0,690,1),(431,'generic','2017-02-17 13:24:48',3,0,0,691,1),(432,'generic','2017-02-17 13:26:02',3,0,0,696,1),(433,'generic','2017-02-17 13:26:26',3,0,0,700,1),(434,'generic','2017-02-17 13:27:13',3,0,0,702,1),(435,'generic','2017-02-17 13:28:31',3,0,0,703,1),(436,'generic','2017-02-17 13:29:56',3,0,0,707,1),(437,'generic','2017-02-17 13:31:47',3,0,0,711,1),(438,'generic','2017-02-17 14:20:24',3,0,0,712,1),(439,'generic','2017-02-17 14:22:11',3,0,0,713,1),(440,'generic','2017-02-17 14:23:09',3,0,0,714,1),(441,'generic','2017-02-17 14:28:19',3,0,0,715,1),(442,'generic','2017-02-17 14:28:57',3,0,0,716,1),(443,'generic','2017-02-17 14:31:48',3,0,0,717,1),(444,'generic','2017-02-17 14:32:06',3,0,0,718,1),(445,'generic','2017-02-17 14:32:51',3,0,0,719,1),(446,'generic','2017-02-17 14:35:26',3,0,0,720,1),(447,'generic','2017-02-17 14:35:53',3,0,0,721,1),(448,'generic','2017-02-17 14:36:31',3,0,0,722,1),(449,'generic','2017-02-20 09:46:27',3,0,0,723,1),(450,'generic','2017-02-20 09:46:45',3,0,0,724,1),(451,'generic','2017-02-20 09:47:14',3,0,0,725,1),(452,'generic','2017-02-20 09:47:54',3,0,0,726,1),(453,'generic','2017-02-20 09:51:04',3,0,0,727,1),(454,'generic','2017-02-20 09:51:14',7,0,0,728,1),(455,'generic','2017-02-20 10:02:06',3,0,0,729,1),(456,'generic','2017-02-20 10:02:20',3,0,0,730,1),(457,'generic','2017-02-20 10:05:35',3,0,0,731,1),(458,'generic','2017-02-20 10:05:55',3,0,0,732,1),(459,'generic','2017-02-20 10:06:39',7,0,0,733,1),(460,'generic','2017-02-20 10:07:52',3,0,0,734,1),(461,'generic','2017-02-20 10:09:05',3,0,0,735,1),(462,'generic','2017-02-20 10:11:00',3,0,0,736,1),(463,'generic','2017-02-20 10:15:34',3,0,0,737,1),(464,'generic','2017-02-20 10:27:25',3,0,0,738,1),(465,'generic','2017-02-20 12:10:50',3,0,0,739,1),(466,'generic','2017-02-20 12:16:52',3,0,0,740,1),(467,'generic','2017-02-20 12:17:26',3,0,0,741,1),(468,'generic','2017-02-20 12:17:47',3,0,0,742,1),(469,'generic','2017-02-20 12:31:58',3,0,0,744,1),(470,'generic','2017-02-20 12:37:57',3,0,0,746,1),(471,'generic','2017-02-20 12:42:24',3,0,0,747,1),(472,'generic','2017-02-20 12:42:49',3,0,0,748,1),(473,'generic','2017-02-20 13:02:09',3,0,0,749,1),(474,'generic','2017-02-20 13:47:39',7,0,0,750,1),(475,'generic','2017-02-20 15:25:32',1,0,0,751,1),(476,'generic','2017-02-20 16:03:57',3,0,0,752,1),(477,'generic','2017-02-20 16:49:55',1,0,0,753,1),(478,'generic','2017-02-20 17:10:59',2,0,0,758,1),(479,'generic','2017-02-21 08:55:51',7,0,0,759,1),(480,'generic','2017-02-21 08:56:20',3,0,0,761,1),(481,'generic','2017-02-21 09:00:40',3,0,0,764,1),(482,'generic','2017-02-21 10:08:51',3,0,0,768,1),(483,'generic','2017-02-21 10:09:19',5,0,0,769,1),(484,'generic','2017-02-21 10:33:33',7,0,0,772,1),(485,'generic','2017-02-21 10:49:33',7,0,0,778,1),(486,'generic','2017-02-21 10:50:15',7,0,0,779,1),(487,'generic','2017-02-21 10:52:25',7,0,0,781,1),(488,'generic','2017-02-21 11:15:54',3,0,0,788,1),(489,'generic','2017-02-21 11:16:32',3,0,0,792,1),(490,'generic','2017-02-21 11:17:03',3,0,0,797,1),(491,'generic','2017-02-21 11:17:34',3,0,0,801,1),(492,'generic','2017-02-21 11:18:04',3,0,0,806,1),(493,'generic','2017-02-21 11:20:26',3,0,0,812,1),(494,'generic','2017-02-21 11:21:06',3,0,0,816,1),(495,'generic','2017-02-21 11:21:24',3,0,0,820,1),(496,'generic','2017-02-21 11:21:50',3,0,0,825,1),(497,'generic','2017-02-21 11:22:25',3,0,0,829,1),(498,'generic','2017-02-21 11:22:55',3,0,0,834,1),(499,'generic','2017-02-21 11:23:56',3,0,0,839,1),(500,'generic','2017-02-21 11:24:43',3,0,0,844,1),(501,'generic','2017-02-21 15:56:31',8,0,0,853,1),(502,'generic','2017-02-21 17:14:55',3,0,0,854,1),(503,'generic','2017-02-21 17:15:27',7,0,0,858,1),(504,'generic','2017-02-22 10:57:25',4,0,0,859,1),(505,'generic','2017-02-22 11:02:02',4,0,0,864,1),(506,'generic','2017-02-22 11:03:48',4,0,0,869,1),(507,'generic','2017-02-22 11:05:48',2,0,0,874,1),(508,'generic','2017-02-22 11:06:04',2,0,0,875,1),(509,'generic','2017-02-22 11:18:55',4,0,0,876,1),(510,'generic','2017-02-22 11:22:29',4,0,0,881,1),(511,'generic','2017-02-22 11:23:11',1,0,0,886,1),(512,'generic','2017-02-22 12:27:10',3,0,0,889,1),(513,'generic','2017-02-22 12:27:30',3,0,0,890,1),(514,'generic','2017-02-22 12:28:22',3,0,0,891,1),(515,'generic','2017-02-22 12:46:05',7,0,0,902,1),(516,'generic','2017-02-23 11:29:32',8,0,0,904,1),(517,'generic','2017-02-24 10:13:31',3,0,0,908,1),(518,'generic','2017-02-24 10:19:39',1,0,0,909,1),(519,'generic','2017-02-24 10:34:12',3,0,0,910,1),(520,'generic','2017-02-24 11:24:45',5,0,0,911,1),(521,'generic','2017-02-24 11:25:11',4,0,0,912,1),(522,'generic','2017-02-27 12:46:54',2,0,0,920,1),(523,'generic','2017-02-27 12:47:18',1,0,0,921,1),(524,'generic','2017-02-27 12:47:38',5,0,0,922,1),(525,'generic','2017-02-27 12:48:03',1,0,0,924,1),(526,'generic','2017-02-27 12:48:14',3,0,0,925,1),(527,'generic','2017-02-27 12:48:40',4,0,0,926,1),(528,'generic','2017-02-27 12:49:21',7,0,0,934,1),(529,'generic','2017-02-27 16:54:02',8,0,0,938,1),(530,'generic','2017-02-27 16:55:58',2,0,0,939,1),(531,'generic','2017-02-27 16:56:12',2,0,0,940,1),(532,'generic','2017-02-27 16:56:40',2,0,0,941,1),(533,'generic','2017-02-27 16:57:03',7,0,0,942,1),(534,'generic','2017-02-28 16:43:01',7,0,0,943,1),(535,'generic','2017-02-28 16:43:20',3,0,0,944,1),(536,'generic','2017-02-28 16:47:57',4,0,0,945,1),(537,'generic','2017-02-28 16:49:28',7,0,0,946,1),(538,'generic','2017-02-28 16:49:55',7,0,0,947,1),(539,'generic','2017-02-28 16:51:31',7,0,0,948,1),(540,'generic','2017-02-28 16:51:58',7,0,0,949,1),(541,'generic','2017-02-28 16:52:22',7,0,0,950,1),(542,'generic','2017-02-28 16:52:42',7,0,0,951,1),(543,'generic','2017-02-28 16:52:59',7,0,0,952,1),(544,'generic','2017-02-28 16:53:24',7,0,0,953,1),(545,'generic','2017-02-28 16:53:42',7,0,0,954,1),(546,'generic','2017-02-28 16:54:35',4,0,0,955,1),(547,'generic','2017-03-01 16:01:15',3,0,0,956,1),(548,'generic','2017-03-07 13:32:12',1,0,0,957,1),(549,'generic','2017-03-09 08:55:42',5,0,0,959,1),(550,'generic','2017-03-09 08:57:24',3,0,0,964,1),(551,'generic','2017-03-10 10:46:29',3,0,0,972,1),(552,'generic','2017-03-14 11:23:46',5,0,0,994,1),(553,'generic','2017-03-14 11:24:21',3,0,0,999,1);
/*!40000 ALTER TABLE `question` ENABLE KEYS */;
UNLOCK TABLES;

--
-- Table structure for table `questionbypage`
--

DROP TABLE IF EXISTS `questionbypage`;
/*!40101 SET @saved_cs_client     = @@character_set_client */;
/*!40101 SET character_set_client = utf8 */;
CREATE TABLE `questionbypage` (
  `idPage` int(11) NOT NULL,
  `idQuestion` int(11) NOT NULL,
  `index` int(11) NOT NULL DEFAULT '0',
  `mandatory` tinyint(1) DEFAULT '0',
  `optionalAnswer` tinyint(1) DEFAULT '0',
  PRIMARY KEY (`idPage`,`idQuestion`),
  KEY `fk_QuestionByPage_Question1_idx` (`idQuestion`),
  CONSTRAINT `fk_QuestionByPage_Page1` FOREIGN KEY (`idPage`) REFERENCES `page` (`idPage`) ON DELETE CASCADE ON UPDATE CASCADE,
  CONSTRAINT `fk_QuestionByPage_Question1` FOREIGN KEY (`idQuestion`) REFERENCES `question` (`idQuestion`) ON DELETE NO ACTION ON UPDATE NO ACTION
) ENGINE=InnoDB DEFAULT CHARSET=utf8;
/*!40101 SET character_set_client = @saved_cs_client */;

--
-- Dumping data for table `questionbypage`
--

LOCK TABLES `questionbypage` WRITE;
/*!40000 ALTER TABLE `questionbypage` DISABLE KEYS */;
INSERT INTO `questionbypage` VALUES (9,241,1,0,0),(10,250,2,1,0),(10,549,1,1,1),(10,550,3,1,1),(10,551,4,0,0),(14,246,1,0,0),(15,247,1,1,0),(15,273,2,0,0),(16,255,1,0,0),(17,257,1,1,0),(17,264,3,0,0),(17,268,2,0,0),(19,260,1,0,0),(20,261,2,0,0),(20,263,2,0,0),(20,276,3,0,0),(23,266,1,0,0),(24,283,1,0,0),(24,291,2,0,0),(27,272,1,1,0),(38,269,1,0,0),(38,270,2,1,0),(38,271,3,1,0),(38,310,4,1,0),(42,317,3,0,0),(42,339,1,0,0),(42,340,2,0,0),(50,318,1,0,0),(70,346,1,1,0),(72,253,4,0,0),(72,254,3,0,0),(72,365,2,0,0),(72,369,1,1,0),(72,405,5,1,0),(73,320,1,0,0),(81,252,1,0,0),(81,343,2,0,0),(83,245,1,0,0),(83,519,2,0,0),(84,449,1,0,0),(84,473,2,0,0),(84,507,3,0,0),(84,508,4,0,0),(84,509,5,0,0),(84,510,6,0,0),(85,502,1,0,0),(88,432,1,0,0),(88,435,2,0,0),(112,377,1,0,0),(114,379,1,0,0),(130,393,1,0,0),(131,413,1,0,0),(132,402,1,0,0),(132,403,2,0,0),(132,404,3,0,0),(133,414,1,0,0),(133,416,2,0,0),(133,425,3,0,0),(135,417,1,0,0),(135,418,2,0,0),(135,419,3,0,0),(136,420,1,0,0),(136,422,2,0,0),(138,421,1,0,0),(139,423,1,0,0),(141,426,1,0,0),(141,427,2,0,0),(141,545,3,0,0),(145,433,1,0,0),(145,437,2,0,0),(146,434,1,0,0),(147,443,1,0,0),(149,444,1,0,0),(149,447,2,0,0),(214,488,2,0,0),(214,505,1,0,0),(214,506,3,0,0),(215,489,1,0,0),(216,490,1,0,0),(216,511,2,0,0),(217,491,1,0,0),(219,493,2,0,0),(219,494,3,0,0),(219,516,1,0,0),(220,495,1,0,0),(221,496,1,0,0),(222,497,1,0,0),(223,498,1,0,0),(224,499,1,0,0),(225,500,1,0,0),(227,503,1,0,0),(228,512,1,0,0),(228,513,2,0,0),(228,514,3,0,0),(230,515,1,0,0),(234,534,1,0,0),(244,529,1,0,0),(245,522,1,1,0),(246,523,1,1,0),(246,524,2,0,1),(247,525,1,1,1),(247,526,2,1,0),(247,527,3,0,0),(248,528,1,1,0),(249,552,1,0,0),(249,553,2,0,0),(250,533,1,0,0),(251,308,1,1,0),(251,309,2,0,0),(251,406,3,1,0),(251,548,4,0,0),(253,530,1,1,1),(253,531,2,1,1),(253,532,3,0,0);
/*!40000 ALTER TABLE `questionbypage` ENABLE KEYS */;
UNLOCK TABLES;

--
-- Table structure for table `questionbypoll`
--

DROP TABLE IF EXISTS `questionbypoll`;
/*!40101 SET @saved_cs_client     = @@character_set_client */;
/*!40101 SET character_set_client = utf8 */;
CREATE TABLE `questionbypoll` (
  `idPoll` int(11) NOT NULL,
  `idQuestion` int(11) NOT NULL,
  `index` int(11) NOT NULL,
  PRIMARY KEY (`idPoll`,`idQuestion`),
  KEY `fk_QuestionByPoll_Question1_idx` (`idQuestion`),
  CONSTRAINT `fk_QuestionByPoll_Poll1` FOREIGN KEY (`idPoll`) REFERENCES `poll` (`idPoll`) ON DELETE CASCADE ON UPDATE NO ACTION,
  CONSTRAINT `fk_QuestionByPoll_Question1` FOREIGN KEY (`idQuestion`) REFERENCES `question` (`idQuestion`) ON DELETE NO ACTION ON UPDATE NO ACTION
) ENGINE=InnoDB DEFAULT CHARSET=utf8;
/*!40101 SET character_set_client = @saved_cs_client */;

--
-- Dumping data for table `questionbypoll`
--

LOCK TABLES `questionbypoll` WRITE;
/*!40000 ALTER TABLE `questionbypoll` DISABLE KEYS */;
INSERT INTO `questionbypoll` VALUES (6,394,1),(7,395,1),(8,396,1),(9,397,1),(10,398,1),(11,399,1),(12,400,1),(13,401,1);
/*!40000 ALTER TABLE `questionbypoll` ENABLE KEYS */;
UNLOCK TABLES;

--
-- Table structure for table `questionlogicgoto`
--

DROP TABLE IF EXISTS `questionlogicgoto`;
/*!40101 SET @saved_cs_client     = @@character_set_client */;
/*!40101 SET character_set_client = utf8 */;
CREATE TABLE `questionlogicgoto` (
  `idQuestionnaire` int(11) NOT NULL,
  `idQuestion` int(11) NOT NULL,
  `idOptionsGroup` int(11) NOT NULL,
  `optionValue` varchar(45) NOT NULL,
  `idQuestionDest` int(11) NOT NULL,
  PRIMARY KEY (`idQuestionnaire`,`idQuestion`,`idOptionsGroup`,`optionValue`),
  KEY `fk_LogicGoTo_Question1_idx` (`idQuestion`),
  KEY `fk_QuestionLogicGoTo_OptionsGroup1_idx` (`idOptionsGroup`),
  KEY `fk_QuestionLogicGoTo_Question1_idx` (`idQuestionDest`),
  CONSTRAINT `fk_LogicGoTo_Question1` FOREIGN KEY (`idQuestion`) REFERENCES `question` (`idQuestion`) ON DELETE NO ACTION ON UPDATE NO ACTION,
  CONSTRAINT `fk_LogicGoTo_Questionnaire1` FOREIGN KEY (`idQuestionnaire`) REFERENCES `questionnaire` (`idQuestionnaire`) ON DELETE NO ACTION ON UPDATE NO ACTION,
  CONSTRAINT `fk_QuestionLogicGoTo_OptionsGroup1` FOREIGN KEY (`idOptionsGroup`) REFERENCES `optionsgroup` (`idOptionsGroup`) ON DELETE NO ACTION ON UPDATE NO ACTION,
  CONSTRAINT `fk_QuestionLogicGoTo_Question1` FOREIGN KEY (`idQuestionDest`) REFERENCES `question` (`idQuestion`) ON DELETE CASCADE ON UPDATE NO ACTION
) ENGINE=InnoDB DEFAULT CHARSET=utf8;
/*!40101 SET character_set_client = @saved_cs_client */;

--
-- Dumping data for table `questionlogicgoto`
--

LOCK TABLES `questionlogicgoto` WRITE;
/*!40000 ALTER TABLE `questionlogicgoto` DISABLE KEYS */;
INSERT INTO `questionlogicgoto` VALUES (3,249,14,'16',346);
/*!40000 ALTER TABLE `questionlogicgoto` ENABLE KEYS */;
UNLOCK TABLES;

--
-- Table structure for table `questionnaire`
--

DROP TABLE IF EXISTS `questionnaire`;
/*!40101 SET @saved_cs_client     = @@character_set_client */;
/*!40101 SET character_set_client = utf8 */;
CREATE TABLE `questionnaire` (
  `idQuestionnaire` int(11) NOT NULL AUTO_INCREMENT,
  `state` varchar(45) NOT NULL,
  `startDate` timestamp NULL DEFAULT NULL,
  `deadLineDate` timestamp NULL DEFAULT NULL,
  `idContent` int(11) NOT NULL,
  `creationDate` timestamp NOT NULL DEFAULT CURRENT_TIMESTAMP,
  `idProject` int(11) DEFAULT NULL,
  `publicId` varchar(45) NOT NULL,
  `author` int(11) NOT NULL,
  `defaultLanguage` int(11) NOT NULL DEFAULT '1',
  `numResponses` int(11) DEFAULT NULL,
  `objetive` int(11) DEFAULT NULL,
  PRIMARY KEY (`idQuestionnaire`),
  KEY `fk_Questionnaire_ContentIndex1_idx` (`idContent`),
  KEY `fk_Questionnaire_Project1_idx` (`idProject`),
  KEY `fk_Questionnaire_User1_idx` (`author`),
  KEY `fk_Questionnarie_DefaultLang_idx` (`defaultLanguage`),
  CONSTRAINT `fk_Questionnaire_ContentIndex1` FOREIGN KEY (`idContent`) REFERENCES `contentindex` (`idContent`) ON DELETE NO ACTION ON UPDATE NO ACTION,
  CONSTRAINT `fk_Questionnaire_Project1` FOREIGN KEY (`idProject`) REFERENCES `project` (`idProject`) ON DELETE NO ACTION ON UPDATE NO ACTION,
  CONSTRAINT `fk_Questionnaire_User1` FOREIGN KEY (`author`) REFERENCES `user` (`idUser`) ON DELETE NO ACTION ON UPDATE NO ACTION,
  CONSTRAINT `fk_Questionnarie_DefaultLang` FOREIGN KEY (`defaultLanguage`) REFERENCES `language` (`idLanguage`) ON DELETE NO ACTION ON UPDATE NO ACTION
) ENGINE=InnoDB AUTO_INCREMENT=23 DEFAULT CHARSET=utf8;
/*!40101 SET character_set_client = @saved_cs_client */;

--
-- Dumping data for table `questionnaire`
--

LOCK TABLES `questionnaire` WRITE;
/*!40000 ALTER TABLE `questionnaire` DISABLE KEYS */;
INSERT INTO `questionnaire` VALUES (3,'active',NULL,NULL,24,'2016-10-04 15:30:31',51,'bms4mnru39',2,1,NULL,10),(4,'active',NULL,NULL,38,'2016-10-04 15:49:20',51,'ck3ed04spv',2,1,NULL,6),(5,'active',NULL,NULL,53,'2016-10-06 11:28:46',51,'9a5kjldfu5',2,1,NULL,4),(6,'paused',NULL,NULL,108,'2016-10-07 13:20:22',52,'l2si02f1jd',2,1,NULL,NULL),(10,'finished',NULL,NULL,277,'2016-10-19 10:07:27',51,'k7frd8d65p',2,2,NULL,NULL),(11,'finished',NULL,NULL,279,'2016-10-19 10:07:53',51,'4faacph6nk',2,1,NULL,NULL),(12,'active',NULL,NULL,508,'2017-01-11 12:38:35',57,'qioisaafc5',2,1,NULL,NULL),(13,'active',NULL,NULL,510,'2017-01-11 12:39:05',57,'netv5g5qmu',2,1,NULL,NULL),(14,'paused',NULL,NULL,512,'2017-01-11 12:39:14',57,'i8cg2gv051',2,1,NULL,NULL),(15,'paused',NULL,NULL,514,'2017-01-11 12:39:26',57,'4hie7h53cu',2,1,NULL,NULL),(16,'paused',NULL,NULL,516,'2017-01-11 12:39:45',57,'6qnofn260a',2,1,NULL,NULL),(17,'paused',NULL,NULL,639,'2017-02-15 09:56:50',51,'r993ueavq4',2,1,NULL,NULL),(18,'paused',NULL,NULL,641,'2017-02-15 16:04:48',51,'agfa9lp80u',10,1,NULL,NULL),(19,'active',NULL,NULL,810,'2017-02-21 11:20:12',51,'v3of6eu6la',2,1,NULL,NULL),(20,'active',NULL,NULL,887,'2017-02-22 12:27:01',51,'fblpk3j25n',11,1,NULL,NULL),(21,'active',NULL,NULL,916,'2017-02-27 12:46:00',61,'nvgnvnd9dq',2,1,NULL,NULL),(22,'paused',NULL,NULL,918,'2017-02-27 12:46:32',61,'djek0a0rpi',2,1,NULL,NULL);
/*!40000 ALTER TABLE `questionnaire` ENABLE KEYS */;
UNLOCK TABLES;

--
-- Table structure for table `questionparameter`
--

DROP TABLE IF EXISTS `questionparameter`;
/*!40101 SET @saved_cs_client     = @@character_set_client */;
/*!40101 SET character_set_client = utf8 */;
CREATE TABLE `questionparameter` (
  `idParameter` int(11) NOT NULL,
  `parameterName` varchar(45) NOT NULL,
  PRIMARY KEY (`idParameter`),
  UNIQUE KEY `parameterName_UNIQUE` (`parameterName`)
) ENGINE=InnoDB DEFAULT CHARSET=utf8;
/*!40101 SET character_set_client = @saved_cs_client */;

--
-- Dumping data for table `questionparameter`
--

LOCK TABLES `questionparameter` WRITE;
/*!40000 ALTER TABLE `questionparameter` DISABLE KEYS */;
INSERT INTO `questionparameter` VALUES (7,'decimals'),(8,'formFieldInputMode'),(9,'formFieldType'),(1,'matrixType'),(3,'maxValue'),(2,'minValue'),(4,'textLength'),(5,'textLines'),(6,'textLinesAdjusted');
/*!40000 ALTER TABLE `questionparameter` ENABLE KEYS */;
UNLOCK TABLES;

--
-- Table structure for table `questionresource`
--

DROP TABLE IF EXISTS `questionresource`;
/*!40101 SET @saved_cs_client     = @@character_set_client */;
/*!40101 SET character_set_client = utf8 */;
CREATE TABLE `questionresource` (
  `idQuestion` int(11) NOT NULL,
  `idResoruces` int(11) NOT NULL,
  `creationDate` timestamp NOT NULL DEFAULT CURRENT_TIMESTAMP,
  PRIMARY KEY (`idQuestion`,`idResoruces`),
  KEY `fk_QuestionResource_Resoruces1_idx` (`idResoruces`),
  CONSTRAINT `fk_QuestionResource_Question1` FOREIGN KEY (`idQuestion`) REFERENCES `question` (`idQuestion`) ON DELETE NO ACTION ON UPDATE NO ACTION,
  CONSTRAINT `fk_QuestionResource_Resoruces1` FOREIGN KEY (`idResoruces`) REFERENCES `resoruces` (`idResoruces`) ON DELETE CASCADE ON UPDATE NO ACTION
) ENGINE=InnoDB DEFAULT CHARSET=utf8;
/*!40101 SET character_set_client = @saved_cs_client */;

--
-- Dumping data for table `questionresource`
--

LOCK TABLES `questionresource` WRITE;
/*!40000 ALTER TABLE `questionresource` DISABLE KEYS */;
INSERT INTO `questionresource` VALUES (246,105,'2017-01-23 16:42:14'),(246,107,'2017-01-23 16:44:13'),(269,42,'2016-11-11 12:18:31');
/*!40000 ALTER TABLE `questionresource` ENABLE KEYS */;
UNLOCK TABLES;

--
-- Table structure for table `questiontype`
--

DROP TABLE IF EXISTS `questiontype`;
/*!40101 SET @saved_cs_client     = @@character_set_client */;
/*!40101 SET character_set_client = utf8 */;
CREATE TABLE `questiontype` (
  `idQuestionType` int(11) NOT NULL AUTO_INCREMENT,
  `name` varchar(45) NOT NULL,
  `iconFile` varchar(45) DEFAULT NULL,
  `templateFile` varchar(100) DEFAULT NULL,
  `formFile` varchar(100) DEFAULT NULL,
  `jsFile` varchar(45) DEFAULT NULL,
  `cssFile` varchar(45) DEFAULT NULL,
  `statisticResultsFile` varchar(100) DEFAULT NULL,
  PRIMARY KEY (`idQuestionType`)
) ENGINE=InnoDB AUTO_INCREMENT=9 DEFAULT CHARSET=utf8;
/*!40101 SET character_set_client = @saved_cs_client */;

--
-- Dumping data for table `questiontype`
--

LOCK TABLES `questiontype` WRITE;
/*!40000 ALTER TABLE `questiontype` DISABLE KEYS */;
INSERT INTO `questiontype` VALUES (1,'longText',NULL,'jsp/surveyManager/editQuestions/eQuestionLongText.jsp','jsp/surveyEngine/questions/fQuestionLongText.jsp',NULL,NULL,'jsp/surveyManager/statisticsQuestions/stQuestionLongText.jsp'),(2,'shortText',NULL,'jsp/surveyManager/editQuestions/eQuestionShortText.jsp','jsp/surveyEngine/questions/fQuestionShortText.jsp',NULL,NULL,'jsp/surveyManager/statisticsQuestions/stQuestionShortText.jsp'),(3,'simple',NULL,'jsp/surveyManager/editQuestions/eQuestionSimple.jsp','jsp/surveyEngine/questions/fQuestionSimple.jsp',NULL,NULL,'jsp/surveyManager/statisticsQuestions/stQuestionSimple.jsp'),(4,'matrix',NULL,'jsp/surveyManager/editQuestions/eQuestionMatrix.jsp','jsp/surveyEngine/questions/fQuestionMatrix.jsp',NULL,NULL,'jsp/surveyManager/statisticsQuestions/stQuestionMatrix.jsp'),(5,'multiple',NULL,'jsp/surveyManager/editQuestions/eQuestionMultiple.jsp','jsp/surveyEngine/questions/fQuestionMultiple.jsp',NULL,NULL,'jsp/surveyManager/statisticsQuestions/stQuestionMultiple.jsp'),(7,'scale',NULL,'jsp/surveyManager/editQuestions/eQuestionScale.jsp','jsp/surveyEngine/questions/fQuestionScale.jsp',NULL,NULL,'jsp/surveyManager/statisticsQuestions/stQuestionScale.jsp'),(8,'bcontent',NULL,'jsp/surveyManager/editQuestions/eQuestionBodyContent.jsp','jsp/surveyEngine/questions/fQuestionBodyContent.jsp',NULL,NULL,NULL);
/*!40000 ALTER TABLE `questiontype` ENABLE KEYS */;
UNLOCK TABLES;

--
-- Table structure for table `quotas`
--

DROP TABLE IF EXISTS `quotas`;
/*!40101 SET @saved_cs_client     = @@character_set_client */;
/*!40101 SET character_set_client = utf8 */;
CREATE TABLE `quotas` (
  `idQuestionnaire` int(11) NOT NULL,
  `idQuestion` int(11) NOT NULL,
  `idOptionsGroup` int(11) NOT NULL,
  `value` int(11) NOT NULL,
  `maxResponses` int(11) NOT NULL,
  `minResponses` int(11) NOT NULL,
  PRIMARY KEY (`idQuestionnaire`,`idQuestion`,`idOptionsGroup`,`value`),
  KEY `fk_Quotas_Question1_idx` (`idQuestion`),
  KEY `fk_Quotas_OptionsGroup1_idx` (`idOptionsGroup`),
  CONSTRAINT `fk_Quotas_OptionsGroup1` FOREIGN KEY (`idOptionsGroup`) REFERENCES `optionsgroup` (`idOptionsGroup`) ON DELETE NO ACTION ON UPDATE NO ACTION,
  CONSTRAINT `fk_Quotas_Question1` FOREIGN KEY (`idQuestion`) REFERENCES `question` (`idQuestion`) ON DELETE NO ACTION ON UPDATE NO ACTION,
  CONSTRAINT `fk_Quotas_Questionnaire1` FOREIGN KEY (`idQuestionnaire`) REFERENCES `questionnaire` (`idQuestionnaire`) ON DELETE NO ACTION ON UPDATE NO ACTION
) ENGINE=InnoDB DEFAULT CHARSET=utf8;
/*!40101 SET character_set_client = @saved_cs_client */;

--
-- Dumping data for table `quotas`
--

LOCK TABLES `quotas` WRITE;
/*!40000 ALTER TABLE `quotas` DISABLE KEYS */;
INSERT INTO `quotas` VALUES (4,247,13,14,6,4),(4,247,13,15,4,4),(5,264,24,61,6,1),(5,264,24,62,4,2);
/*!40000 ALTER TABLE `quotas` ENABLE KEYS */;
UNLOCK TABLES;

--
-- Table structure for table `relationtype`
--

DROP TABLE IF EXISTS `relationtype`;
/*!40101 SET @saved_cs_client     = @@character_set_client */;
/*!40101 SET character_set_client = utf8 */;
CREATE TABLE `relationtype` (
  `idRelationType` int(11) NOT NULL AUTO_INCREMENT,
  `name` varchar(45) NOT NULL,
  PRIMARY KEY (`idRelationType`)
) ENGINE=InnoDB DEFAULT CHARSET=utf8;
/*!40101 SET character_set_client = @saved_cs_client */;

--
-- Dumping data for table `relationtype`
--

LOCK TABLES `relationtype` WRITE;
/*!40000 ALTER TABLE `relationtype` DISABLE KEYS */;
/*!40000 ALTER TABLE `relationtype` ENABLE KEYS */;
UNLOCK TABLES;

--
-- Table structure for table `resoruces`
--

DROP TABLE IF EXISTS `resoruces`;
/*!40101 SET @saved_cs_client     = @@character_set_client */;
/*!40101 SET character_set_client = utf8 */;
CREATE TABLE `resoruces` (
  `idResoruces` int(11) NOT NULL AUTO_INCREMENT,
  `idResourceType` int(11) NOT NULL,
  `urlPath` varchar(100) NOT NULL,
  `idContent` int(11) NOT NULL,
  PRIMARY KEY (`idResoruces`),
  KEY `fk_Resoruces_ResourceType1_idx` (`idResourceType`),
  KEY `fk_Resoruces_ContentIndex1_idx` (`idContent`),
  CONSTRAINT `fk_Resoruces_ContentIndex1` FOREIGN KEY (`idContent`) REFERENCES `contentindex` (`idContent`) ON DELETE NO ACTION ON UPDATE NO ACTION,
  CONSTRAINT `fk_Resoruces_ResourceType1` FOREIGN KEY (`idResourceType`) REFERENCES `resourcetype` (`idResourceType`) ON DELETE NO ACTION ON UPDATE NO ACTION
) ENGINE=InnoDB AUTO_INCREMENT=118 DEFAULT CHARSET=utf8;
/*!40101 SET character_set_client = @saved_cs_client */;

--
-- Dumping data for table `resoruces`
--

LOCK TABLES `resoruces` WRITE;
/*!40000 ALTER TABLE `resoruces` DISABLE KEYS */;
INSERT INTO `resoruces` VALUES (1,1,'resources/botonpage21.jpg',50),(3,1,'resources/botonpage23.jpg',137),(5,1,'resources/botonpage28.jpg',193),(6,1,'resources/controlScroll.jpg',195),(7,1,'resources/botonpage29.jpg',201),(8,1,'resources/controlScroll1.jpg',202),(9,1,'resources/botonpage30.jpg',206),(10,1,'resources/escudo.png',208),(11,1,'resources/controlScroll2.jpg',210),(13,1,'resources/escudo1.png',214),(37,1,'resources/controlScroll9.jpg',264),(38,1,'resources/botonpage39.jpg',285),(39,1,'resources/controlScroll10.jpg',286),(42,1,'resources/Cloud4all.jpg',327),(72,1,'resources/emoPensativo3.png',439),(73,1,'resources/iconoWhatsapp.jpg',440),(101,1,'resources/emoPensativo9.png',493),(102,1,'resources/exclamation.png',494),(105,2,'Wk-cZNdyJ4s',519),(107,1,'resources/ajhogar.png',521),(111,1,'resources/emoPensativo.png',526),(112,1,'resources/emoPensativo_1.png',638),(113,1,'resources/emoPensativo2.png',654),(114,1,'resources/emoPensativo3.png',848),(115,1,'resources/iconoWhatsapp.jpg',849),(116,1,'resources/exclamation.png',851),(117,1,'resources/asterisk_1.png',958);
/*!40000 ALTER TABLE `resoruces` ENABLE KEYS */;
UNLOCK TABLES;

--
-- Table structure for table `resourcetype`
--

DROP TABLE IF EXISTS `resourcetype`;
/*!40101 SET @saved_cs_client     = @@character_set_client */;
/*!40101 SET character_set_client = utf8 */;
CREATE TABLE `resourcetype` (
  `idResourceType` int(11) NOT NULL AUTO_INCREMENT,
  `name` varchar(45) NOT NULL,
  PRIMARY KEY (`idResourceType`)
) ENGINE=InnoDB AUTO_INCREMENT=3 DEFAULT CHARSET=utf8;
/*!40101 SET character_set_client = @saved_cs_client */;

--
-- Dumping data for table `resourcetype`
--

LOCK TABLES `resourcetype` WRITE;
/*!40000 ALTER TABLE `resourcetype` DISABLE KEYS */;
INSERT INTO `resourcetype` VALUES (1,'image'),(2,'video');
/*!40000 ALTER TABLE `resourcetype` ENABLE KEYS */;
UNLOCK TABLES;

--
-- Table structure for table `responses`
--

DROP TABLE IF EXISTS `responses`;
/*!40101 SET @saved_cs_client     = @@character_set_client */;
/*!40101 SET character_set_client = utf8 */;
CREATE TABLE `responses` (
  `idResponse` int(11) NOT NULL AUTO_INCREMENT,
  `idQuestion` int(11) NOT NULL,
  `idOptionsGroup` int(11) DEFAULT NULL,
  `value` varchar(10000) NOT NULL,
  `timestamp` timestamp NOT NULL DEFAULT CURRENT_TIMESTAMP,
  `idPoll` int(11) DEFAULT NULL,
  PRIMARY KEY (`idResponse`),
  KEY `fk_Responses_Question1_idx` (`idQuestion`),
  KEY `fk_Responses_OptionsGroup1_idx` (`idOptionsGroup`),
  KEY `fk_Responses_Poll1_idx` (`idPoll`),
  CONSTRAINT `fk_Responses_OptionsGroup1` FOREIGN KEY (`idOptionsGroup`) REFERENCES `optionsgroup` (`idOptionsGroup`) ON DELETE NO ACTION ON UPDATE NO ACTION,
  CONSTRAINT `fk_Responses_Poll1` FOREIGN KEY (`idPoll`) REFERENCES `poll` (`idPoll`) ON DELETE SET NULL ON UPDATE NO ACTION,
  CONSTRAINT `fk_Responses_Question1` FOREIGN KEY (`idQuestion`) REFERENCES `question` (`idQuestion`) ON DELETE NO ACTION ON UPDATE NO ACTION
) ENGINE=InnoDB AUTO_INCREMENT=2371 DEFAULT CHARSET=utf8;
/*!40101 SET character_set_client = @saved_cs_client */;

--
-- Dumping data for table `responses`
--

LOCK TABLES `responses` WRITE;
/*!40000 ALTER TABLE `responses` DISABLE KEYS */;
INSERT INTO `responses` VALUES (138,247,13,'15','2016-10-05 15:47:26',NULL),(139,242,11,'9','2016-10-05 15:48:12',NULL),(140,242,11,'10','2016-10-05 17:14:06',NULL),(141,243,NULL,'7','2016-10-05 17:14:08',NULL),(142,249,14,'16','2016-10-05 17:14:08',NULL),(143,244,12,'13','2016-10-05 17:14:10',NULL),(144,242,11,'11','2016-10-05 17:15:35',NULL),(145,242,11,'11','2016-10-05 17:16:49',NULL),(146,242,11,'9','2016-10-06 10:11:10',NULL),(147,242,11,'10','2016-10-06 14:52:35',NULL),(148,243,NULL,'5','2016-10-06 14:52:43',NULL),(149,249,14,'17','2016-10-06 14:52:43',NULL),(153,244,12,'13','2016-10-06 14:57:28',NULL),(154,247,13,'14','2016-10-06 14:59:52',NULL),(187,242,11,'48','2016-10-07 08:54:20',NULL),(209,250,15,'20','2016-10-07 09:23:32',NULL),(210,251,18,'49','2016-10-07 09:23:32',NULL),(211,243,NULL,'5','2016-10-07 09:23:50',NULL),(212,249,14,'18','2016-10-07 09:23:50',NULL),(213,252,19,'51','2016-10-07 09:23:50',NULL),(214,244,12,'12','2016-10-07 09:23:54',NULL),(244,251,18,'50','2016-10-07 09:53:05',NULL),(245,250,15,'20','2016-10-07 12:07:44',NULL),(246,249,14,'21','2016-10-07 12:07:49',NULL),(247,252,19,'52','2016-10-07 12:07:49',NULL),(248,261,NULL,'3','2016-10-07 13:21:16',NULL),(249,262,22,'55','2016-10-07 13:21:16',NULL),(250,263,NULL,'1','2016-10-07 13:21:23',NULL),(252,257,23,'58','2016-10-10 11:14:16',NULL),(253,264,24,'61','2016-10-10 11:14:25',NULL),(254,265,25,'63','2016-10-10 11:14:25',NULL),(261,257,23,'57','2016-10-10 11:44:51',NULL),(262,264,24,'61','2016-10-10 11:44:55',NULL),(263,265,25,'66','2016-10-10 11:44:55',NULL),(264,257,23,'58','2016-10-10 11:45:54',NULL),(265,264,24,'62','2016-10-10 11:45:59',NULL),(266,265,25,'63','2016-10-10 11:45:59',NULL),(267,257,23,'58','2016-10-10 11:49:09',NULL),(268,264,24,'61','2016-10-10 11:49:13',NULL),(269,265,25,'63','2016-10-10 11:49:13',NULL),(270,267,26,'67','2016-10-10 11:49:17',NULL),(271,267,26,'68','2016-10-10 11:49:17',NULL),(276,257,23,'58','2016-10-10 12:17:33',NULL),(277,264,24,'61','2016-10-10 12:17:34',NULL),(278,265,25,'63','2016-10-10 12:17:34',NULL),(279,267,26,'68','2016-10-10 12:17:37',NULL),(280,257,23,'58','2016-10-10 12:20:25',NULL),(281,265,25,'63','2016-10-10 12:20:34',NULL),(286,257,23,'58','2016-10-10 12:22:54',NULL),(287,265,25,'63','2016-10-10 12:22:56',NULL),(289,257,23,'58','2016-10-10 17:30:36',NULL),(290,265,25,'63','2016-10-10 17:30:44',NULL),(291,257,23,'57','2016-10-10 17:33:31',NULL),(307,257,23,'58','2016-10-13 08:07:37',NULL),(308,268,NULL,'1','2016-10-13 08:07:37',NULL),(309,264,24,'62','2016-10-13 08:07:39',NULL),(310,265,25,'63','2016-10-13 08:07:39',NULL),(311,247,13,'14','2016-10-13 10:41:02',NULL),(317,247,13,'14','2016-10-14 11:02:35',NULL),(318,269,NULL,'sdfsdfasdz','2016-10-14 11:02:35',NULL),(319,270,NULL,'1.11','2016-10-14 11:02:35',NULL),(320,271,27,'70','2016-10-14 11:02:35',NULL),(321,272,29,'72','2016-10-14 11:02:35',NULL),(322,273,NULL,'5','2016-10-14 11:02:35',NULL),(323,247,13,'14','2016-10-14 11:04:27',NULL),(324,269,NULL,'afasd','2016-10-14 11:04:27',NULL),(348,247,13,'14','2016-10-14 12:58:19',NULL),(349,269,NULL,'asdf','2016-10-14 12:58:19',NULL),(350,270,NULL,'3','2016-10-14 12:58:20',NULL),(351,295,NULL,'5','2016-10-14 12:58:27',NULL),(366,247,13,'14','2016-10-14 13:07:16',NULL),(367,269,NULL,'asdfs','2016-10-14 13:07:16',NULL),(368,270,NULL,'3','2016-10-14 13:07:16',NULL),(369,271,27,'70','2016-10-14 13:07:16',NULL),(370,272,28,'73','2016-10-14 13:07:17',NULL),(371,272,29,'72','2016-10-14 13:07:17',NULL),(372,273,NULL,'7','2016-10-14 13:07:17',NULL),(373,295,NULL,'6','2016-10-14 13:07:21',NULL),(374,247,13,'14','2016-10-14 14:01:03',NULL),(375,269,NULL,'asdf','2016-10-14 14:01:03',NULL),(376,270,NULL,'1','2016-10-14 14:01:03',NULL),(377,271,27,'70','2016-10-14 14:01:03',NULL),(378,272,28,'72','2016-10-14 14:01:03',NULL),(379,272,29,'72','2016-10-14 14:01:03',NULL),(380,273,NULL,'7','2016-10-14 14:01:03',NULL),(381,295,NULL,'5','2016-10-14 14:01:08',NULL),(382,247,13,'14','2016-10-17 10:09:35',NULL),(383,269,NULL,'ASDFA','2016-10-17 10:09:35',NULL),(384,270,NULL,'2','2016-10-17 10:09:36',NULL),(385,295,NULL,'7','2016-10-17 10:09:40',NULL),(386,253,NULL,'asdfasd','2016-10-17 10:13:22',NULL),(387,250,15,'19','2016-10-17 10:13:22',NULL),(388,254,NULL,'4','2016-10-17 10:13:22',NULL),(401,249,14,'18','2016-10-17 11:25:52',NULL),(402,252,19,'51','2016-10-17 11:25:52',NULL),(403,308,31,'82','2016-10-17 11:25:52',NULL),(404,250,15,'19','2016-10-17 14:53:32',NULL),(432,247,13,'14','2016-10-17 15:33:14',NULL),(433,269,NULL,'1weew','2016-10-17 15:33:14',NULL),(434,270,NULL,'1.123','2016-10-17 15:33:14',NULL),(435,271,27,'71','2016-10-17 15:33:14',NULL),(436,272,28,'72','2016-10-17 15:33:14',NULL),(437,272,29,'73','2016-10-17 15:33:14',NULL),(438,273,NULL,'4','2016-10-17 15:33:14',NULL),(442,270,NULL,'1','2016-10-17 15:55:46',NULL),(503,257,23,'58','2016-10-18 10:34:39',NULL),(504,264,24,'61','2016-10-18 10:34:50',NULL),(505,265,25,'66','2016-10-18 10:34:50',NULL),(506,283,NULL,'2','2016-10-18 10:35:19',NULL),(513,247,13,'14','2016-10-18 12:04:02',NULL),(514,270,NULL,'1.1','2016-10-18 12:04:02',NULL),(515,273,NULL,'5','2016-10-18 12:04:02',NULL),(525,249,14,'17','2016-10-20 07:58:31',NULL),(526,252,19,'51','2016-10-20 07:58:31',NULL),(527,247,13,'14','2016-10-20 07:59:03',NULL),(528,270,NULL,'1.1','2016-10-20 07:59:03',NULL),(529,273,NULL,'5','2016-10-20 07:59:03',NULL),(530,310,33,'128','2016-10-20 08:00:04',NULL),(531,317,39,'130','2016-10-20 08:00:04',NULL),(538,247,13,'14','2016-10-26 14:49:49',NULL),(539,270,NULL,'1.1','2016-10-26 14:49:49',NULL),(540,273,NULL,'5','2016-10-26 14:49:49',NULL),(541,312,34,'134','2016-11-08 13:28:46',NULL),(542,312,34,'134','2016-11-08 15:20:24',NULL),(543,312,34,'135','2016-11-08 15:20:30',NULL),(544,313,35,'121','2016-11-08 15:23:46',NULL),(555,250,15,'19','2016-11-10 10:21:19',NULL),(556,253,NULL,'paragraph','2016-11-10 10:21:19',NULL),(557,254,NULL,'4','2016-11-10 10:21:19',NULL),(570,249,14,'17','2016-11-10 10:22:49',NULL),(571,252,19,'51','2016-11-10 10:22:49',NULL),(572,308,31,'136','2016-11-10 10:22:49',NULL),(573,309,32,'118','2016-11-10 10:22:50',NULL),(574,309,32,'139','2016-11-10 10:22:51',NULL),(679,247,13,'15','2016-11-23 12:45:26',NULL),(680,273,NULL,'2','2016-11-23 12:45:26',NULL),(681,269,NULL,'la','2016-11-23 12:45:26',NULL),(710,270,NULL,'3','2016-11-29 12:11:23',NULL),(711,271,27,'70','2016-11-29 12:11:23',NULL),(712,271,27,'71','2016-11-29 12:11:23',NULL),(713,310,33,'150','2016-11-29 12:11:23',NULL),(717,317,39,'131','2016-11-29 12:14:16',NULL),(718,272,28,'72','2016-11-29 12:14:16',NULL),(719,272,29,'73','2016-11-29 12:14:16',NULL),(753,249,14,'18','2016-11-30 15:07:40',NULL),(754,253,NULL,'asdfasd','2016-11-30 15:07:40',NULL),(755,309,32,'138','2016-11-30 15:07:40',NULL),(756,252,19,'52','2016-11-30 15:07:43',NULL),(757,343,NULL,'2','2016-11-30 15:07:43',NULL),(758,344,NULL,'4','2016-11-30 15:07:47',NULL),(819,320,40,'149','2016-11-30 15:57:08',NULL),(827,317,39,'131','2016-11-30 15:57:21',NULL),(828,272,28,'72','2016-11-30 15:57:21',NULL),(829,272,29,'147','2016-11-30 15:57:21',NULL),(830,339,NULL,'5','2016-11-30 15:57:27',NULL),(831,340,NULL,'4','2016-11-30 15:57:27',NULL),(840,271,27,'70','2016-12-01 12:51:59',NULL),(841,310,33,'128','2016-12-01 12:51:59',NULL),(842,247,13,'15','2016-12-01 13:11:35',NULL),(843,273,NULL,'4','2016-12-01 13:11:35',NULL),(844,269,NULL,'ds','2016-12-01 13:11:35',NULL),(845,312,34,'134','2016-12-01 16:10:17',NULL),(846,312,34,'135','2016-12-01 17:19:25',NULL),(847,312,34,'134','2016-12-01 17:23:59',NULL),(848,250,15,'140','2016-12-05 14:09:32',NULL),(849,308,31,'136','2016-12-05 14:09:32',NULL),(850,254,NULL,'1','2016-12-05 14:09:32',NULL),(896,249,14,'16','2016-12-05 16:14:58',NULL),(900,344,NULL,'5','2016-12-05 16:15:03',NULL),(903,312,34,'135','2016-12-05 16:45:52',NULL),(907,247,13,'15','2016-12-07 11:50:05',NULL),(908,273,NULL,'4','2016-12-07 11:50:05',NULL),(909,269,NULL,'Ya ve tu que s','2016-12-07 11:50:05',NULL),(910,270,NULL,'1','2016-12-07 11:50:10',NULL),(911,271,27,'70','2016-12-07 11:50:10',NULL),(912,310,33,'128','2016-12-07 11:50:10',NULL),(913,320,40,'149','2016-12-07 11:50:13',NULL),(914,272,28,'72','2016-12-07 11:50:19',NULL),(915,317,39,'130','2016-12-07 11:50:19',NULL),(916,339,NULL,'5','2016-12-07 11:50:24',NULL),(917,340,NULL,'2','2016-12-07 11:50:24',NULL),(927,247,13,'15','2016-12-07 12:37:32',NULL),(928,273,NULL,'4','2016-12-07 12:37:32',NULL),(929,269,NULL,'Respuest guti','2016-12-07 12:37:32',NULL),(937,339,NULL,'3','2016-12-07 12:38:01',NULL),(938,340,NULL,'3','2016-12-07 12:38:01',NULL),(941,272,28,'72','2016-12-07 12:53:21',NULL),(942,317,39,'130','2016-12-07 12:53:21',NULL),(943,320,40,'142','2016-12-07 12:53:22',NULL),(944,270,NULL,'1','2016-12-07 12:53:26',NULL),(945,271,27,'70','2016-12-07 12:53:26',NULL),(946,310,33,'128','2016-12-07 12:53:26',NULL),(1220,272,28,'72','2017-01-11 17:38:37',NULL),(1221,272,29,'147','2017-01-11 17:38:37',NULL),(1224,257,23,'57','2017-01-11 17:39:55',NULL),(1229,249,14,'17','2017-01-12 10:14:37',NULL),(1287,379,49,'179','2017-01-25 16:57:49',NULL),(1370,247,13,'14','2017-02-16 17:45:07',NULL),(1371,273,NULL,'4','2017-02-16 17:45:07',NULL),(1372,269,NULL,'ya ve tu','2017-02-16 17:45:32',NULL),(1373,270,NULL,'4','2017-02-16 17:45:32',NULL),(1374,271,27,'70','2017-02-16 17:45:32',NULL),(1375,271,27,'71','2017-02-16 17:45:32',NULL),(1376,310,33,'128','2017-02-16 17:45:32',NULL),(1386,414,62,'206','2017-02-16 18:07:59',NULL),(1387,416,63,'209','2017-02-16 18:07:59',NULL),(1392,493,77,'237','2017-02-21 15:54:54',NULL),(1393,494,78,'239','2017-02-21 15:54:54',NULL),(1397,493,77,'237','2017-02-21 15:55:02',NULL),(1398,494,78,'239','2017-02-21 15:55:02',NULL),(1399,493,77,'237','2017-02-21 15:55:28',NULL),(1400,494,78,'239','2017-02-21 15:55:28',NULL),(1401,493,77,'237','2017-02-21 15:55:51',NULL),(1402,494,78,'239','2017-02-21 15:55:51',NULL),(1403,493,77,'237','2017-02-21 15:56:42',NULL),(1404,494,78,'239','2017-02-21 15:56:42',NULL),(1405,493,77,'237','2017-02-21 15:57:23',NULL),(1406,493,77,'237','2017-02-21 15:57:47',NULL),(1407,493,77,'237','2017-02-21 16:01:39',NULL),(1408,493,77,'237','2017-02-21 16:08:13',NULL),(1409,493,77,'237','2017-02-21 16:08:43',NULL),(1410,494,78,'239','2017-02-21 16:08:43',NULL),(1413,493,77,'237','2017-02-21 16:09:36',NULL),(1414,493,77,'237','2017-02-21 16:10:09',NULL),(1415,493,77,'237','2017-02-21 16:15:38',NULL),(1417,493,77,'237','2017-02-21 16:16:31',NULL),(1418,493,77,'237','2017-02-21 16:16:36',NULL),(1419,493,77,'237','2017-02-21 16:17:28',NULL),(1421,493,77,'237','2017-02-21 16:19:24',NULL),(1424,493,77,'237','2017-02-21 16:19:57',NULL),(1425,493,77,'237','2017-02-21 16:20:04',NULL),(1426,493,77,'237','2017-02-21 16:20:12',NULL),(1427,493,77,'237','2017-02-21 16:20:58',NULL),(1428,493,77,'237','2017-02-21 16:22:40',NULL),(1429,493,77,'237','2017-02-21 16:24:06',NULL),(1430,502,85,'254','2017-02-21 17:15:40',NULL),(1431,502,85,'254','2017-02-21 17:16:54',NULL),(1432,502,85,'254','2017-02-21 17:25:33',NULL),(1433,502,85,'254','2017-02-21 17:26:22',NULL),(1435,502,85,'254','2017-02-21 17:29:10',NULL),(1437,502,85,'254','2017-02-21 17:38:09',NULL),(1439,502,85,'254','2017-02-21 17:39:02',NULL),(1440,503,NULL,'4','2017-02-21 17:39:03',NULL),(1441,493,77,'237','2017-02-21 17:39:50',NULL),(1442,493,77,'237','2017-02-21 17:40:06',NULL),(1443,493,77,'237','2017-02-21 17:40:23',NULL),(1444,500,84,'251','2017-02-21 17:40:27',NULL),(1445,502,85,'254','2017-02-22 10:01:53',NULL),(1446,503,NULL,'4','2017-02-22 10:01:56',NULL),(1447,449,70,'223','2017-02-22 11:03:15',NULL),(1448,505,88,'258','2017-02-22 11:03:15',NULL),(1449,505,89,'259','2017-02-22 11:03:15',NULL),(1450,512,96,'266','2017-02-22 12:38:24',NULL),(1451,513,97,'269','2017-02-22 12:38:24',NULL),(1452,514,98,'271','2017-02-22 12:38:26',NULL),(1453,512,96,'266','2017-02-22 12:48:13',NULL),(1454,513,97,'269','2017-02-22 12:48:13',NULL),(1455,514,98,'270','2017-02-22 12:48:13',NULL),(1456,515,NULL,'5','2017-02-22 12:48:19',NULL),(1457,493,77,'238','2017-02-22 16:52:49',NULL),(1459,493,77,'238','2017-02-22 16:53:38',NULL),(1461,493,77,'238','2017-02-22 16:53:45',NULL),(1462,493,77,'238','2017-02-22 16:58:24',NULL),(1464,493,77,'237','2017-02-22 16:58:32',NULL),(1467,493,77,'237','2017-02-22 16:58:50',NULL),(1468,493,77,'237','2017-02-22 16:59:01',NULL),(1469,493,77,'253','2017-02-22 16:59:07',NULL),(1470,493,77,'238','2017-02-22 16:59:59',NULL),(1471,493,77,'237','2017-02-22 17:00:06',NULL),(1472,494,78,'239','2017-02-22 17:00:06',NULL),(1474,493,77,'238','2017-02-22 17:00:59',NULL),(1475,493,77,'237','2017-02-22 17:01:21',NULL),(1479,493,77,'237','2017-02-22 17:22:37',NULL),(1481,495,79,'242','2017-02-22 17:22:41',NULL),(1496,252,19,'51','2017-02-27 11:14:22',NULL),(1497,343,NULL,'3','2017-02-27 11:14:22',NULL),(1510,369,48,'176','2017-02-27 11:45:29',NULL),(1511,365,NULL,'asd','2017-02-27 11:45:29',NULL),(1512,254,NULL,'aasdf','2017-02-27 11:45:29',NULL),(1513,405,60,'203','2017-02-27 11:45:29',NULL),(1514,346,43,'158','2017-02-27 11:45:31',NULL),(1515,252,19,'52','2017-02-27 11:45:36',NULL),(1516,343,NULL,'4','2017-02-27 11:45:36',NULL),(1517,426,NULL,'asd','2017-02-27 11:45:45',NULL),(1518,427,NULL,'4','2017-02-27 11:45:45',NULL),(1519,308,31,'136','2017-02-27 11:46:09',NULL),(1520,309,32,'163','2017-02-27 11:46:09',NULL),(1521,250,15,'19','2017-02-27 11:46:09',NULL),(1522,406,61,'204','2017-02-27 11:46:09',NULL),(1527,369,48,'176','2017-02-27 11:57:10',NULL),(1528,365,NULL,'asdf','2017-02-27 11:57:10',NULL),(1529,254,NULL,'asdf','2017-02-27 11:57:10',NULL),(1530,253,NULL,'sadf','2017-02-27 11:57:10',NULL),(1531,405,60,'203','2017-02-27 11:57:10',NULL),(1532,346,43,'158','2017-02-27 11:57:13',NULL),(1533,252,19,'51','2017-02-27 11:57:18',NULL),(1534,343,NULL,'4','2017-02-27 11:57:18',NULL),(1535,519,99,'272','2017-02-27 11:57:39',NULL),(1536,426,NULL,'asd','2017-02-27 11:57:44',NULL),(1537,427,NULL,'3','2017-02-27 11:57:44',NULL),(1538,308,31,'137','2017-02-27 11:58:04',NULL),(1539,309,32,'163','2017-02-27 11:58:04',NULL),(1540,250,15,'19','2017-02-27 11:58:04',NULL),(1541,406,61,'205','2017-02-27 11:58:04',NULL),(1551,522,NULL,'asdfsdadsfa','2017-02-27 12:50:34',NULL),(1552,523,NULL,'asdfasd','2017-02-27 12:50:37',NULL),(1553,524,103,'278','2017-02-27 12:50:37',NULL),(1554,525,NULL,'sdfas','2017-02-27 12:50:52',NULL),(1555,526,100,'274','2017-02-27 12:50:52',NULL),(1556,527,101,'276','2017-02-27 12:50:52',NULL),(1557,527,102,'277','2017-02-27 12:50:52',NULL),(1558,528,NULL,'4','2017-02-27 12:50:54',NULL),(1618,530,NULL,'jose','2017-02-27 18:14:39',NULL),(1619,531,NULL,'jose@gmail.com','2017-02-27 18:14:39',NULL),(1620,532,NULL,'9876543403','2017-02-27 18:14:39',NULL),(1621,530,NULL,'asdfasd','2017-02-27 18:21:33',NULL),(1622,531,NULL,'jose@gmail.com','2017-02-27 18:21:33',NULL),(1623,532,NULL,'987654321','2017-02-27 18:21:33',NULL),(1630,530,NULL,'ssdfs','2017-02-28 15:41:17',NULL),(1631,531,NULL,'sfda','2017-02-28 15:41:17',NULL),(1632,532,NULL,'sadfa','2017-02-28 15:41:17',NULL),(1633,533,NULL,'4','2017-02-28 15:41:27',NULL),(1650,346,43,'158','2017-03-09 08:34:02',NULL),(1729,369,48,'0','2017-03-09 10:56:42',NULL),(1730,365,NULL,'lalala','2017-03-09 10:56:42',NULL),(1731,254,NULL,'2','2017-03-09 10:56:42',NULL),(1732,253,NULL,'lalala','2017-03-09 10:56:42',NULL),(1733,405,60,'203','2017-03-09 10:56:42',NULL),(2306,549,104,'281','2017-03-13 13:27:20',NULL),(2307,549,104,'303-#-lalalala laala','2017-03-13 13:27:20',NULL),(2308,250,15,'298-#-prueba a ver que parece que s va','2017-03-13 13:27:20',NULL),(2309,550,105,'301-#-Simple test lalala','2017-03-13 13:27:20',NULL),(2310,551,106,'290','2017-03-13 13:27:20',NULL),(2311,309,32,'138','2017-03-13 13:27:23',NULL),(2312,309,32,'163','2017-03-13 13:27:23',NULL),(2313,406,61,'204','2017-03-13 13:27:23',NULL),(2322,549,104,'303-#-po zi','2017-03-14 11:15:29',NULL),(2323,250,15,'298-#-Text Simple 1p2','2017-03-14 11:15:29',NULL),(2324,550,105,'301-#-Text simple test','2017-03-14 11:15:29',NULL),(2325,551,106,'302-#-Text simple test 2','2017-03-14 11:15:29',NULL),(2326,308,31,'165','2017-03-14 11:15:43',NULL),(2327,309,32,'163','2017-03-14 11:15:43',NULL),(2328,406,61,'205','2017-03-14 11:15:43',NULL),(2329,548,NULL,'Long text','2017-03-14 11:15:43',NULL),(2330,369,48,'177','2017-03-14 11:16:13',NULL),(2331,365,NULL,'test text','2017-03-14 11:16:13',NULL),(2332,254,NULL,'3','2017-03-14 11:16:13',NULL),(2333,253,NULL,'Paragraph 1 p2','2017-03-14 11:16:14',NULL),(2334,405,60,'203','2017-03-14 11:16:14',NULL),(2335,346,43,'157','2017-03-14 11:16:17',NULL),(2336,343,NULL,'7','2017-03-14 11:16:26',NULL),(2337,449,70,'307-#-Ejemplo simple 1','2017-03-14 11:21:12',NULL),(2338,473,71,'226','2017-03-14 11:21:12',NULL),(2339,507,NULL,'Firm field 1','2017-03-14 11:21:12',NULL),(2340,508,NULL,'Firm field 2','2017-03-14 11:21:12',NULL),(2341,509,92,'262','2017-03-14 11:21:12',NULL),(2342,509,93,'263','2017-03-14 11:21:12',NULL),(2343,510,94,'264','2017-03-14 11:21:12',NULL),(2344,510,95,'264','2017-03-14 11:21:12',NULL),(2350,505,88,'258','2017-03-14 11:21:42',NULL),(2351,505,89,'259','2017-03-14 11:21:42',NULL),(2352,488,72,'227','2017-03-14 11:21:42',NULL),(2353,506,90,'260','2017-03-14 11:21:42',NULL),(2354,506,91,'261','2017-03-14 11:21:42',NULL),(2355,489,73,'229','2017-03-14 11:21:43',NULL),(2356,490,74,'231','2017-03-14 11:21:49',NULL),(2357,511,NULL,'Long text 1','2017-03-14 11:21:49',NULL),(2358,491,75,'234','2017-03-14 11:21:52',NULL),(2359,552,108,'310-#-Multiple 1 Text','2017-03-14 11:25:06',NULL),(2360,553,109,'313-#-Simple 1 text','2017-03-14 11:25:06',NULL),(2361,530,NULL,'987654340','2017-03-14 11:25:08',NULL),(2362,531,NULL,'jose@gmail.com','2017-03-14 11:25:08',NULL),(2363,532,NULL,'987654340','2017-03-14 11:25:08',NULL),(2364,533,NULL,'4','2017-03-14 11:25:11',NULL),(2365,552,108,'309','2017-03-14 11:50:45',NULL),(2366,553,109,'311','2017-03-14 11:50:45',NULL),(2367,530,NULL,'Erguti','2017-03-14 11:51:03',NULL),(2368,531,NULL,'Erguti@gmail.com','2017-03-14 11:51:03',NULL),(2369,532,NULL,'666554433','2017-03-14 11:51:03',NULL),(2370,533,NULL,'7','2017-03-14 11:51:07',NULL);
/*!40000 ALTER TABLE `responses` ENABLE KEYS */;
UNLOCK TABLES;

--
-- Table structure for table `rol`
--

DROP TABLE IF EXISTS `rol`;
/*!40101 SET @saved_cs_client     = @@character_set_client */;
/*!40101 SET character_set_client = utf8 */;
CREATE TABLE `rol` (
  `idRol` int(11) NOT NULL AUTO_INCREMENT,
  `rolName` varchar(45) NOT NULL,
  PRIMARY KEY (`idRol`),
  UNIQUE KEY `name_UNIQUE` (`rolName`)
) ENGINE=InnoDB AUTO_INCREMENT=6 DEFAULT CHARSET=utf8;
/*!40101 SET character_set_client = @saved_cs_client */;

--
-- Dumping data for table `rol`
--

LOCK TABLES `rol` WRITE;
/*!40000 ALTER TABLE `rol` DISABLE KEYS */;
INSERT INTO `rol` VALUES (1,'admin'),(3,'designer'),(4,'interviewer'),(5,'observer'),(2,'user');
/*!40000 ALTER TABLE `rol` ENABLE KEYS */;
UNLOCK TABLES;

--
-- Table structure for table `section`
--

DROP TABLE IF EXISTS `section`;
/*!40101 SET @saved_cs_client     = @@character_set_client */;
/*!40101 SET character_set_client = utf8 */;
CREATE TABLE `section` (
  `idSection` int(11) NOT NULL AUTO_INCREMENT,
  `creationDate` timestamp NOT NULL DEFAULT CURRENT_TIMESTAMP,
  `index` int(11) NOT NULL DEFAULT '0',
  `idForma` int(11) NOT NULL,
  `idContent` int(11) NOT NULL,
  PRIMARY KEY (`idSection`),
  KEY `fk_Section_Forma1_idx` (`idForma`),
  KEY `fk_Section_ContentIndex1_idx` (`idContent`),
  CONSTRAINT `fk_Section_ContentIndex1` FOREIGN KEY (`idContent`) REFERENCES `contentindex` (`idContent`) ON DELETE NO ACTION ON UPDATE NO ACTION,
  CONSTRAINT `fk_Section_Forma1` FOREIGN KEY (`idForma`) REFERENCES `forma` (`idForma`) ON DELETE CASCADE ON UPDATE NO ACTION
) ENGINE=InnoDB AUTO_INCREMENT=123 DEFAULT CHARSET=utf8;
/*!40101 SET character_set_client = @saved_cs_client */;

--
-- Dumping data for table `section`
--

LOCK TABLES `section` WRITE;
/*!40000 ALTER TABLE `section` DISABLE KEYS */;
INSERT INTO `section` VALUES (32,'2016-10-04 15:30:31',1,32,25),(33,'2016-10-04 15:49:21',1,33,39),(34,'2016-10-06 11:28:46',1,34,54),(35,'2016-10-07 13:20:22',1,35,109),(40,'2016-10-19 10:07:53',1,40,280),(46,'2016-11-29 11:28:58',2,33,410),(47,'2016-11-29 12:00:45',3,33,411),(59,'2016-11-29 16:50:00',2,32,425),(67,'2016-11-30 15:04:05',3,32,437),(68,'2017-01-11 12:38:35',1,41,509),(69,'2017-01-11 12:39:05',1,42,511),(70,'2017-01-11 12:39:14',1,43,513),(71,'2017-01-11 12:39:26',1,44,515),(72,'2017-01-11 12:39:45',1,45,517),(74,'2017-01-25 16:47:56',1,39,557),(83,'2017-01-25 17:20:03',2,39,593),(84,'2017-02-15 09:56:50',1,46,640),(85,'2017-02-15 16:04:48',1,47,642),(87,'2017-02-17 10:15:36',4,32,682),(88,'2017-02-17 13:27:01',2,45,701),(89,'2017-02-17 13:29:47',3,45,706),(106,'2017-02-21 11:16:51',2,41,796),(108,'2017-02-21 11:20:12',1,48,811),(109,'2017-02-21 11:21:39',2,48,824),(110,'2017-02-21 11:22:44',3,48,833),(111,'2017-02-21 11:23:47',4,48,838),(112,'2017-02-21 11:24:33',5,48,843),(114,'2017-02-22 12:27:01',1,49,888),(115,'2017-02-22 12:45:58',2,49,901),(120,'2017-02-27 12:46:00',1,50,917),(121,'2017-02-27 12:46:33',1,51,919),(122,'2017-02-27 12:47:49',2,51,923);
/*!40000 ALTER TABLE `section` ENABLE KEYS */;
UNLOCK TABLES;

--
-- Table structure for table `user`
--

DROP TABLE IF EXISTS `user`;
/*!40101 SET @saved_cs_client     = @@character_set_client */;
/*!40101 SET character_set_client = utf8 */;
CREATE TABLE `user` (
  `idUser` int(11) NOT NULL AUTO_INCREMENT,
  `userName` varchar(45) NOT NULL,
  `email` varchar(45) DEFAULT NULL,
  `password` varchar(45) DEFAULT NULL,
  `registerDate` timestamp NOT NULL DEFAULT CURRENT_TIMESTAMP ON UPDATE CURRENT_TIMESTAMP,
  `anonymous` tinyint(1) NOT NULL DEFAULT '0',
  `idRol` int(11) NOT NULL,
  `idLanguage` int(11) NOT NULL,
  `idUserState` int(11) NOT NULL DEFAULT '1',
  `temporalId` varchar(45) DEFAULT NULL,
  PRIMARY KEY (`idUser`),
  KEY `fk_User_Rol1_idx` (`idRol`),
  KEY `fk_User_Language1_idx` (`idLanguage`),
  KEY `fk_User_UserState1_idx` (`idUserState`),
  CONSTRAINT `fk_User_Language1` FOREIGN KEY (`idLanguage`) REFERENCES `language` (`idLanguage`) ON DELETE NO ACTION ON UPDATE NO ACTION,
  CONSTRAINT `fk_User_Rol1` FOREIGN KEY (`idRol`) REFERENCES `rol` (`idRol`) ON DELETE NO ACTION ON UPDATE NO ACTION,
  CONSTRAINT `fk_User_UserState1` FOREIGN KEY (`idUserState`) REFERENCES `userstate` (`idUserState`) ON DELETE NO ACTION ON UPDATE NO ACTION
) ENGINE=InnoDB AUTO_INCREMENT=16 DEFAULT CHARSET=utf8;
/*!40101 SET character_set_client = @saved_cs_client */;

--
-- Dumping data for table `user`
--

LOCK TABLES `user` WRITE;
/*!40000 ALTER TABLE `user` DISABLE KEYS */;
INSERT INTO `user` VALUES (1,'admin','admin@admin.com','adminadmin','2017-01-20 12:36:14',0,1,1,1,NULL),(2,'guti','jagdkws@gmail.com','lalalala','2017-02-28 13:09:31',0,4,1,1,NULL),(3,'','jagdkw2@gmail.com','lalalala','2017-02-13 16:55:30',0,2,2,1,NULL),(4,'','jagdkw1@gmail.com','lalalala','2017-02-13 16:55:52',0,2,2,1,NULL),(8,'','jagdkw3@gmail.com','lalalala','2017-02-22 16:49:50',0,2,2,1,NULL),(9,'user1','lalala@lelele.lilili','lalalala','2017-02-15 15:47:22',0,2,2,3,NULL),(10,'user2','lalala@lelele.lililis','lalalala','2017-02-15 16:02:36',0,4,2,1,NULL),(11,'guti2','guti2@guti.com','lalalala','2017-02-22 12:35:51',0,4,2,1,NULL),(12,'guti3','guti3@guti.com','lalalala','2017-02-22 12:39:37',0,4,2,1,NULL),(14,'','jagdkw@gmail.com','lalalala','2017-02-22 16:52:05',0,2,2,1,NULL),(15,'guti4','jagdkw@gmail.coms','lalalala','2017-02-28 09:05:41',0,4,1,1,'acemslfcl8');
/*!40000 ALTER TABLE `user` ENABLE KEYS */;
UNLOCK TABLES;

--
-- Table structure for table `userpages`
--

DROP TABLE IF EXISTS `userpages`;
/*!40101 SET @saved_cs_client     = @@character_set_client */;
/*!40101 SET character_set_client = utf8 */;
CREATE TABLE `userpages` (
  `idUserQuestionnaire` int(11) NOT NULL,
  `idPage` int(11) NOT NULL,
  `timestamp` timestamp NOT NULL DEFAULT CURRENT_TIMESTAMP ON UPDATE CURRENT_TIMESTAMP,
  KEY `page_idx` (`idPage`),
  KEY `userindex_idx` (`idUserQuestionnaire`),
  CONSTRAINT `pageindex` FOREIGN KEY (`idPage`) REFERENCES `page` (`idPage`) ON DELETE NO ACTION ON UPDATE NO ACTION,
  CONSTRAINT `userindex` FOREIGN KEY (`idUserQuestionnaire`) REFERENCES `userquestionnaire` (`idUserQuestionnaire`) ON DELETE NO ACTION ON UPDATE NO ACTION
) ENGINE=InnoDB DEFAULT CHARSET=utf8;
/*!40101 SET character_set_client = @saved_cs_client */;

--
-- Dumping data for table `userpages`
--

LOCK TABLES `userpages` WRITE;
/*!40000 ALTER TABLE `userpages` DISABLE KEYS */;
/*!40000 ALTER TABLE `userpages` ENABLE KEYS */;
UNLOCK TABLES;

--
-- Table structure for table `userquestionnaire`
--

DROP TABLE IF EXISTS `userquestionnaire`;
/*!40101 SET @saved_cs_client     = @@character_set_client */;
/*!40101 SET character_set_client = utf8 */;
CREATE TABLE `userquestionnaire` (
  `idUserQuestionnaire` int(11) NOT NULL AUTO_INCREMENT,
  `idUser` int(11) NOT NULL,
  `idQuestionnaire` int(11) NOT NULL,
  `state` varchar(45) NOT NULL,
  `idForma` int(11) NOT NULL,
  `progress` int(11) NOT NULL DEFAULT '0',
  `lastCompletedPageId` int(11) DEFAULT NULL,
  PRIMARY KEY (`idUserQuestionnaire`),
  KEY `fk_UserQuestionnaire_Questionnaire1_idx` (`idQuestionnaire`),
  KEY `fk_UserQuestionnaire_Forma1_idx` (`idForma`),
  KEY `fk_UserQuestionnaire_Page1_idx` (`lastCompletedPageId`),
  KEY `fk_UserQuestionnaire_User1` (`idUser`),
  CONSTRAINT `fk_UserQuestionnaire_Forma1` FOREIGN KEY (`idForma`) REFERENCES `forma` (`idForma`) ON DELETE NO ACTION ON UPDATE NO ACTION,
  CONSTRAINT `fk_UserQuestionnaire_Page1` FOREIGN KEY (`lastCompletedPageId`) REFERENCES `page` (`idPage`) ON DELETE SET NULL ON UPDATE NO ACTION,
  CONSTRAINT `fk_UserQuestionnaire_Questionnaire1` FOREIGN KEY (`idQuestionnaire`) REFERENCES `questionnaire` (`idQuestionnaire`) ON DELETE NO ACTION ON UPDATE NO ACTION,
  CONSTRAINT `fk_UserQuestionnaire_User1` FOREIGN KEY (`idUser`) REFERENCES `user` (`idUser`) ON DELETE NO ACTION ON UPDATE NO ACTION
) ENGINE=InnoDB DEFAULT CHARSET=utf8;
/*!40101 SET character_set_client = @saved_cs_client */;

--
-- Dumping data for table `userquestionnaire`
--

LOCK TABLES `userquestionnaire` WRITE;
/*!40000 ALTER TABLE `userquestionnaire` DISABLE KEYS */;
/*!40000 ALTER TABLE `userquestionnaire` ENABLE KEYS */;
UNLOCK TABLES;

--
-- Table structure for table `userresponse`
--

DROP TABLE IF EXISTS `userresponse`;
/*!40101 SET @saved_cs_client     = @@character_set_client */;
/*!40101 SET character_set_client = utf8 */;
CREATE TABLE `userresponse` (
  `idUserQuestionnaire` int(11) NOT NULL,
  `idResponse` int(11) NOT NULL,
  PRIMARY KEY (`idUserQuestionnaire`,`idResponse`),
  KEY `fk_UserResponse_Responses1_idx` (`idResponse`),
  CONSTRAINT `fk_UserResponse_Responses1` FOREIGN KEY (`idResponse`) REFERENCES `responses` (`idResponse`) ON DELETE NO ACTION ON UPDATE NO ACTION,
  CONSTRAINT `fk_UserResponse_UserQuestionnaire1` FOREIGN KEY (`idUserQuestionnaire`) REFERENCES `userquestionnaire` (`idUserQuestionnaire`) ON DELETE NO ACTION ON UPDATE NO ACTION
) ENGINE=InnoDB DEFAULT CHARSET=utf8;
/*!40101 SET character_set_client = @saved_cs_client */;

--
-- Dumping data for table `userresponse`
--

LOCK TABLES `userresponse` WRITE;
/*!40000 ALTER TABLE `userresponse` DISABLE KEYS */;
/*!40000 ALTER TABLE `userresponse` ENABLE KEYS */;
UNLOCK TABLES;

--
-- Table structure for table `userstate`
--

DROP TABLE IF EXISTS `userstate`;
/*!40101 SET @saved_cs_client     = @@character_set_client */;
/*!40101 SET character_set_client = utf8 */;
CREATE TABLE `userstate` (
  `idUserState` int(11) NOT NULL AUTO_INCREMENT,
  `state` varchar(45) NOT NULL,
  PRIMARY KEY (`idUserState`)
) ENGINE=InnoDB AUTO_INCREMENT=5 DEFAULT CHARSET=utf8;
/*!40101 SET character_set_client = @saved_cs_client */;

--
-- Dumping data for table `userstate`
--

LOCK TABLES `userstate` WRITE;
/*!40000 ALTER TABLE `userstate` DISABLE KEYS */;
INSERT INTO `userstate` VALUES (1,'active'),(2,'emailConfirm'),(3,'adminConfirm'),(4,'removed');
/*!40000 ALTER TABLE `userstate` ENABLE KEYS */;
UNLOCK TABLES;
/*!40103 SET TIME_ZONE=@OLD_TIME_ZONE */;

/*!40101 SET SQL_MODE=@OLD_SQL_MODE */;
/*!40014 SET FOREIGN_KEY_CHECKS=@OLD_FOREIGN_KEY_CHECKS */;
/*!40014 SET UNIQUE_CHECKS=@OLD_UNIQUE_CHECKS */;
/*!40101 SET CHARACTER_SET_CLIENT=@OLD_CHARACTER_SET_CLIENT */;
/*!40101 SET CHARACTER_SET_RESULTS=@OLD_CHARACTER_SET_RESULTS */;
/*!40101 SET COLLATION_CONNECTION=@OLD_COLLATION_CONNECTION */;
/*!40111 SET SQL_NOTES=@OLD_SQL_NOTES */;

-- Dump completed on 2017-03-15 11:50:54
